ID,Item,FailureMode,Effect,Severity,Occurrence,Detection,RPN,ActionPriority,File,Line
FMEA-1479,from_hex,Buffer overflow in from_hex(),Incorrect system behaviour or safety-function failure originating in from_hex (function),8,4,5,160,high,src/sign/sign.cpp,100
FMEA-1467,make_verify002,Buffer overflow in make_verify002(),Incorrect system behaviour or safety-function failure originating in make_verify002 (function),8,4,5,160,high,src/engine/rules.cpp,333
FMEA-611,write_dot,Buffer overflow in write_dot(),Incorrect system behaviour or safety-function failure originating in write_dot (function),8,4,5,160,high,src/boundary/boundary.hpp,31
FMEA-335,file_suppressed,Buffer overflow in file_suppressed(),Incorrect system behaviour or safety-function failure originating in file_suppressed (function),8,4,5,160,high,src/lint/lint.cpp,50
FMEA-1111,fn_scope_visitor,Buffer overflow in fn_scope_visitor(),Incorrect system behaviour or safety-function failure originating in fn_scope_visitor (function),8,4,5,160,high,src/ast/ast.cpp,171
FMEA-1303,render_text,Buffer overflow in render_text(),Incorrect system behaviour or safety-function failure originating in render_text (function),8,4,5,160,high,src/iec61508/iec61508.cpp,142
FMEA-331,suppressed,Buffer overflow in suppressed(),Incorrect system behaviour or safety-function failure originating in suppressed (function),8,4,5,160,high,src/lint/lint.cpp,44
FMEA-1471,make_default_engine,Buffer overflow in make_default_engine(),Incorrect system behaviour or safety-function failure originating in make_default_engine (function),8,4,5,160,high,src/engine/engine.cpp,38
FMEA-615,scan,Buffer overflow in scan(),Incorrect system behaviour or safety-function failure originating in scan (function),8,4,5,160,high,src/boundary/boundary.cpp,13
FMEA-327,for_each_source,Buffer overflow in for_each_source(),Incorrect system behaviour or safety-function failure originating in for_each_source (function),8,4,5,160,high,src/lint/lint.cpp,30
FMEA-947,render,Buffer overflow in render(),Incorrect system behaviour or safety-function failure originating in render (function),8,4,5,160,high,src/pr/pr.hpp,38
FMEA-1474,SHACtx,State corruption in SHACtx(),Incorrect system behaviour or safety-function failure originating in SHACtx (class),8,4,5,160,high,src/sign/sign.cpp,15
FMEA-619,write_mermaid,Buffer overflow in write_mermaid(),Incorrect system behaviour or safety-function failure originating in write_mermaid (function),8,4,5,160,high,src/boundary/boundary.cpp,105
FMEA-322,QualifyReport,State corruption in QualifyReport(),Incorrect system behaviour or safety-function failure originating in QualifyReport (class),8,4,5,160,high,src/qualify/qualify.hpp,33
FMEA-951,compute_completeness,Buffer overflow in compute_completeness(),Incorrect system behaviour or safety-function failure originating in compute_completeness (function),8,4,5,160,high,src/safety_case/safety_case.cpp,122
FMEA-339,has_safe_state_above,Buffer overflow in has_safe_state_above(),Incorrect system behaviour or safety-function failure originating in has_safe_state_above (function),8,4,5,160,high,src/lint/lint.cpp,59
FMEA-318,CaseResult,State corruption in CaseResult(),Incorrect system behaviour or safety-function failure originating in CaseResult (class),8,4,5,160,high,src/qualify/qualify.hpp,26
FMEA-1299,write_json,Buffer overflow in write_json(),Incorrect system behaviour or safety-function failure originating in write_json (function),8,4,5,160,high,src/iec61508/iec61508.cpp,123
FMEA-623,write_dot,Buffer overflow in write_dot(),Incorrect system behaviour or safety-function failure originating in write_dot (function),8,4,5,160,high,src/boundary/boundary.cpp,122
FMEA-314,Case,State corruption in Case(),Incorrect system behaviour or safety-function failure originating in Case (class),8,4,5,160,high,src/qualify/qualify.hpp,17
FMEA-1483,to_hex,Buffer overflow in to_hex(),Incorrect system behaviour or safety-function failure originating in to_hex (function),8,4,5,160,high,src/sign/sign.cpp,144
FMEA-311,run_case,Buffer overflow in run_case(),Incorrect system behaviour or safety-function failure originating in run_case (function),8,4,5,160,high,src/qualify/qualify.cpp,157
FMEA-1106,FnScopeCtx,State corruption in FnScopeCtx(),Incorrect system behaviour or safety-function failure originating in FnScopeCtx (class),8,4,5,160,high,src/ast/ast.cpp,165
FMEA-626,ConfigItem,State corruption in ConfigItem(),Incorrect system behaviour or safety-function failure originating in ConfigItem (class),8,4,5,160,high,src/sci/sci.hpp,17
FMEA-307,sha256_hex,Buffer overflow in sha256_hex(),Incorrect system behaviour or safety-function failure originating in sha256_hex (function),8,4,5,160,high,src/qualify/qualify.cpp,152
FMEA-1486,TempDir,State corruption in TempDir(),Incorrect system behaviour or safety-function failure originating in TempDir (class),8,4,5,160,high,src/testutil/testutil.hpp,15
FMEA-955,to_json,Buffer overflow in to_json(),Incorrect system behaviour or safety-function failure originating in to_json (function),8,4,5,160,high,src/safety_case/safety_case.cpp,145
FMEA-851,write_json,Buffer overflow in write_json(),Incorrect system behaviour or safety-function failure originating in write_json (function),8,4,5,160,high,src/comp/comp.hpp,40
FMEA-302,SHA256Ctx,State corruption in SHA256Ctx(),Incorrect system behaviour or safety-function failure originating in SHA256Ctx (class),8,4,5,160,high,src/qualify/qualify.cpp,32
FMEA-1311,impact_rank,Buffer overflow in impact_rank(),Incorrect system behaviour or safety-function failure originating in impact_rank (function),8,4,5,160,high,src/tara/tara.cpp,33
FMEA-1319,to_json,Buffer overflow in to_json(),Incorrect system behaviour or safety-function failure originating in to_json (function),8,4,5,160,high,src/tara/tara.cpp,216
FMEA-371,is_func_exempt,Buffer overflow in is_func_exempt(),Incorrect system behaviour or safety-function failure originating in is_func_exempt (function),8,4,5,160,high,src/trace/trace.cpp,34
FMEA-863,detect_status,Buffer overflow in detect_status(),Incorrect system behaviour or safety-function failure originating in detect_status (function),8,4,5,160,high,src/slsa/slsa.cpp,57
FMEA-1118,AnalyzeOptions,State corruption in AnalyzeOptions(),Incorrect system behaviour or safety-function failure originating in AnalyzeOptions (class),8,4,5,160,high,src/analyze/analyze.hpp,11
FMEA-594,Node,State corruption in Node(),Incorrect system behaviour or safety-function failure originating in Node (class),8,4,5,160,high,src/boundary/boundary.hpp,12
FMEA-367,run,Buffer overflow in run(),Incorrect system behaviour or safety-function failure originating in run (function),8,4,5,160,high,src/cyber/cyber.cpp,178
FMEA-1451,make_iso26262003,Buffer overflow in make_iso26262003(),Incorrect system behaviour or safety-function failure originating in make_iso26262003 (function),8,4,5,160,high,src/engine/rules.cpp,217
FMEA-1314,ScenarioSpec,State corruption in ScenarioSpec(),Incorrect system behaviour or safety-function failure originating in ScenarioSpec (class),8,4,5,160,high,src/tara/tara.cpp,68
FMEA-363,is_excluded,Buffer overflow in is_excluded(),Incorrect system behaviour or safety-function failure originating in is_excluded (function),8,4,5,160,high,src/cyber/cyber.cpp,41
FMEA-598,Edge,State corruption in Edge(),Incorrect system behaviour or safety-function failure originating in Edge (class),8,4,5,160,high,src/boundary/boundary.hpp,18
FMEA-859,parse_level,Buffer overflow in parse_level(),Incorrect system behaviour or safety-function failure originating in parse_level (function),8,4,5,160,high,src/slsa/slsa.cpp,16
FMEA-359,is_source,Buffer overflow in is_source(),Incorrect system behaviour or safety-function failure originating in is_source (function),8,4,5,160,high,src/cyber/cyber.cpp,36
FMEA-938,PRLog,State corruption in PRLog(),Incorrect system behaviour or safety-function failure originating in PRLog (class),8,4,5,160,high,src/pr/pr.hpp,30
FMEA-1455,make_hara002,Buffer overflow in make_hara002(),Incorrect system behaviour or safety-function failure originating in make_hara002 (function),8,4,5,160,high,src/engine/rules.cpp,243
FMEA-958,GSNNode,State corruption in GSNNode(),Incorrect system behaviour or safety-function failure originating in GSNNode (class),8,4,5,160,high,src/safety_case/safety_case.hpp,20
FMEA-1115,fn_body_visitor,Buffer overflow in fn_body_visitor(),Incorrect system behaviour or safety-function failure originating in fn_body_visitor (function),8,4,5,160,high,src/ast/ast.cpp,198
FMEA-354,Rule,State corruption in Rule(),Incorrect system behaviour or safety-function failure originating in Rule (class),8,4,5,160,high,src/cyber/cyber.cpp,18
FMEA-602,Diagram,State corruption in Diagram(),Incorrect system behaviour or safety-function failure originating in Diagram (class),8,4,5,160,high,src/boundary/boundary.hpp,24
FMEA-1159,write_json,Buffer overflow in write_json(),Incorrect system behaviour or safety-function failure originating in write_json (function),8,4,5,160,high,src/coupling/coupling.hpp,33
FMEA-351,run,Buffer overflow in run(),Incorrect system behaviour or safety-function failure originating in run (function),8,4,5,160,high,src/cyber/cyber.hpp,56
FMEA-1459,make_hara003,Buffer overflow in make_hara003(),Incorrect system behaviour or safety-function failure originating in make_hara003 (function),8,4,5,160,high,src/engine/rules.cpp,275
FMEA-1307,feasibility_rank,Buffer overflow in feasibility_rank(),Incorrect system behaviour or safety-function failure originating in feasibility_rank (function),8,4,5,160,high,src/tara/tara.cpp,26
FMEA-607,write_mermaid,Buffer overflow in write_mermaid(),Incorrect system behaviour or safety-function failure originating in write_mermaid (function),8,4,5,160,high,src/boundary/boundary.hpp,30
FMEA-346,CyberReport,State corruption in CyberReport(),Incorrect system behaviour or safety-function failure originating in CyberReport (class),8,4,5,160,high,src/cyber/cyber.hpp,47
FMEA-1463,make_hara004,Buffer overflow in make_hara004(),Incorrect system behaviour or safety-function failure originating in make_hara004 (function),8,4,5,160,high,src/engine/rules.cpp,304
FMEA-943,add,Buffer overflow in add(),Incorrect system behaviour or safety-function failure originating in add (function),8,4,5,160,high,src/pr/pr.hpp,37
FMEA-342,CyberFinding,State corruption in CyberFinding(),Incorrect system behaviour or safety-function failure originating in CyberFinding (class),8,4,5,160,high,src/cyber/cyber.hpp,37
FMEA-855,render_text,Buffer overflow in render_text(),Incorrect system behaviour or safety-function failure originating in render_text (function),8,4,5,160,high,src/comp/comp.hpp,41
FMEA-842,FunctionResult,State corruption in FunctionResult(),Incorrect system behaviour or safety-function failure originating in FunctionResult (class),8,4,5,160,high,src/comp/comp.hpp,17
FMEA-1511,build_from_lcov,Buffer overflow in build_from_lcov(),Incorrect system behaviour or safety-function failure originating in build_from_lcov (function),8,4,5,160,high,src/coverage/coverage.cpp,59
FMEA-1283,parse_sil,Buffer overflow in parse_sil(),Incorrect system behaviour or safety-function failure originating in parse_sil (function),8,4,5,160,high,src/iec61508/iec61508.cpp,15
FMEA-263,version_less,Buffer overflow in version_less(),Incorrect system behaviour or safety-function failure originating in version_less (function),8,4,5,160,high,src/vuln/vuln.cpp,48
FMEA-1167,analyse,Buffer overflow in analyse(),Incorrect system behaviour or safety-function failure originating in analyse (function),8,4,5,160,high,src/coupling/coupling.cpp,28
FMEA-651,write_json,Buffer overflow in write_json(),Incorrect system behaviour or safety-function failure originating in write_json (function),8,4,5,160,high,src/sci/sci.cpp,103
FMEA-970,SafetyCase,State corruption in SafetyCase(),Incorrect system behaviour or safety-function failure originating in SafetyCase (class),8,4,5,160,high,src/safety_case/safety_case.hpp,42
FMEA-1515,write_json,Buffer overflow in write_json(),Incorrect system behaviour or safety-function failure originating in write_json (function),8,4,5,160,high,src/coverage/coverage.cpp,118
FMEA-258,Advisory,State corruption in Advisory(),Incorrect system behaviour or safety-function failure originating in Advisory (class),8,4,5,160,high,src/vuln/vuln.cpp,27
FMEA-255,run,Buffer overflow in run(),Incorrect system behaviour or safety-function failure originating in run (function),8,4,5,160,high,src/cmd/cli.cpp,152
FMEA-654,Heartbeat,State corruption in Heartbeat(),Incorrect system behaviour or safety-function failure originating in Heartbeat (class),8,4,5,160,high,src/runtime/heartbeat.hpp,23
FMEA-1094,ShadowCtx,State corruption in ShadowCtx(),Incorrect system behaviour or safety-function failure originating in ShadowCtx (class),8,4,5,160,high,src/ast/ast.cpp,68
FMEA-251,apply_quality_gate,Buffer overflow in apply_quality_gate(),Incorrect system behaviour or safety-function failure originating in apply_quality_gate (function),8,4,5,160,high,src/cmd/cli.cpp,124
FMEA-1519,render_text,Buffer overflow in render_text(),Incorrect system behaviour or safety-function failure originating in render_text (function),8,4,5,160,high,src/coverage/coverage.cpp,179
FMEA-1279,render_text,Buffer overflow in render_text(),Incorrect system behaviour or safety-function failure originating in render_text (function),8,4,5,160,high,src/iec61508/iec61508.hpp,43
FMEA-267,parse_ver,Buffer overflow in parse_ver(),Incorrect system behaviour or safety-function failure originating in parse_ver (function),8,4,5,160,high,src/vuln/vuln.cpp,54
FMEA-247,print_err,Buffer overflow in print_err(),Incorrect system behaviour or safety-function failure originating in print_err (function),8,4,5,160,high,src/cmd/cli.cpp,79
FMEA-659,beat,Buffer overflow in beat(),Incorrect system behaviour or safety-function failure originating in beat (function),8,4,5,160,high,src/runtime/heartbeat.hpp,36
FMEA-974,ChecklistItem,State corruption in ChecklistItem(),Incorrect system behaviour or safety-function failure originating in ChecklistItem (class),8,4,5,160,high,src/sas/sas.hpp,18
FMEA-243,print_ok,Buffer overflow in print_ok(),Incorrect system behaviour or safety-function failure originating in print_ok (function),8,4,5,160,high,src/cmd/cli.cpp,78
FMEA-1523,apply_mcdc,Buffer overflow in apply_mcdc(),Incorrect system behaviour or safety-function failure originating in apply_mcdc (function),8,4,5,160,high,src/coverage/coverage.cpp,207
FMEA-1275,write_json,Buffer overflow in write_json(),Incorrect system behaviour or safety-function failure originating in write_json (function),8,4,5,160,high,src/iec61508/iec61508.hpp,42
FMEA-239,value_of,Buffer overflow in value_of(),Incorrect system behaviour or safety-function failure originating in value_of (function),8,4,5,160,high,src/cmd/cli.cpp,75
FMEA-663,monitor,Buffer overflow in monitor(),Incorrect system behaviour or safety-function failure originating in monitor (function),8,4,5,160,high,src/runtime/heartbeat.hpp,56
FMEA-1091,class_member_visitor,Buffer overflow in class_member_visitor(),Incorrect system behaviour or safety-function failure originating in class_member_visitor (function),8,4,5,160,high,src/ast/ast.cpp,52
FMEA-235,run,Buffer overflow in run(),Incorrect system behaviour or safety-function failure originating in run (function),8,4,5,160,high,src/cmd/cli.hpp,8
FMEA-1527,parse_dal,Buffer overflow in parse_dal(),Incorrect system behaviour or safety-function failure originating in parse_dal (function),8,4,5,160,high,src/coverage/coverage.hpp,13
FMEA-666,Watchdog,State corruption in Watchdog(),Incorrect system behaviour or safety-function failure originating in Watchdog (class),8,4,5,160,high,src/runtime/watchdog.hpp,24
FMEA-231,render_json,Buffer overflow in render_json(),Incorrect system behaviour or safety-function failure originating in render_json (function),8,4,5,160,high,src/metrics/metrics.hpp,32
FMEA-286,VulnFinding,State corruption in VulnFinding(),Incorrect system behaviour or safety-function failure originating in VulnFinding (class),8,4,5,160,high,src/vuln/vuln.hpp,17
FMEA-1295,assess,Buffer overflow in assess(),Incorrect system behaviour or safety-function failure originating in assess (function),8,4,5,160,high,src/iec61508/iec61508.cpp,98
FMEA-299,render_text,Buffer overflow in render_text(),Incorrect system behaviour or safety-function failure originating in render_text (function),8,4,5,160,high,src/vuln/vuln.hpp,36
FMEA-1491,write,Buffer overflow in write(),Incorrect system behaviour or safety-function failure originating in write (function),8,4,5,160,high,src/testutil/testutil.hpp,32
FMEA-630,SCI,State corruption in SCI(),Incorrect system behaviour or safety-function failure originating in SCI (class),8,4,5,160,high,src/sci/sci.hpp,25
FMEA-1163,render_text,Buffer overflow in render_text(),Incorrect system behaviour or safety-function failure originating in render_text (function),8,4,5,160,high,src/coupling/coupling.hpp,34
FMEA-295,write_json,Buffer overflow in write_json(),Incorrect system behaviour or safety-function failure originating in write_json (function),8,4,5,160,high,src/vuln/vuln.hpp,35
FMEA-1103,tu_visitor,Buffer overflow in tu_visitor(),Incorrect system behaviour or safety-function failure originating in tu_visitor (function),8,4,5,160,high,src/ast/ast.cpp,82
FMEA-1495,main,Buffer overflow in main(),Incorrect system behaviour or safety-function failure originating in main (function),8,4,5,160,high,src/main.cpp,3
FMEA-1291,detect_status,Buffer overflow in detect_status(),Incorrect system behaviour or safety-function failure originating in detect_status (function),8,4,5,160,high,src/iec61508/iec61508.cpp,68
FMEA-290,VulnReport,State corruption in VulnReport(),Incorrect system behaviour or safety-function failure originating in VulnReport (class),8,4,5,160,high,src/vuln/vuln.hpp,26
FMEA-635,write_json,Buffer overflow in write_json(),Incorrect system behaviour or safety-function failure originating in write_json (function),8,4,5,160,high,src/sci/sci.hpp,41
FMEA-962,GSNEdge,State corruption in GSNEdge(),Incorrect system behaviour or safety-function failure originating in GSNEdge (class),8,4,5,160,high,src/safety_case/safety_case.hpp,30
FMEA-1499,parse_dal,Buffer overflow in parse_dal(),Incorrect system behaviour or safety-function failure originating in parse_dal (function),8,4,5,160,high,src/coverage/coverage.cpp,15
FMEA-1447,make_iso26262002,Buffer overflow in make_iso26262002(),Incorrect system behaviour or safety-function failure originating in make_iso26262002 (function),8,4,5,160,high,src/engine/rules.cpp,187
FMEA-638,ArtifactDef,State corruption in ArtifactDef(),Incorrect system behaviour or safety-function failure originating in ArtifactDef (class),8,4,5,160,high,src/sci/sci.cpp,24
FMEA-282,Dependency,State corruption in Dependency(),Incorrect system behaviour or safety-function failure originating in Dependency (class),8,4,5,160,high,src/vuln/vuln.hpp,11
FMEA-1503,line_threshold,Buffer overflow in line_threshold(),Incorrect system behaviour or safety-function failure originating in line_threshold (function),8,4,5,160,high,src/coverage/coverage.cpp,32
FMEA-279,render_text,Buffer overflow in render_text(),Incorrect system behaviour or safety-function failure originating in render_text (function),8,4,5,160,high,src/vuln/vuln.cpp,126
FMEA-1287,is_required,Buffer overflow in is_required(),Incorrect system behaviour or safety-function failure originating in is_required (function),8,4,5,160,high,src/iec61508/iec61508.cpp,59
FMEA-1099,shadow_visitor,Buffer overflow in shadow_visitor(),Incorrect system behaviour or safety-function failure originating in shadow_visitor (function),8,4,5,160,high,src/ast/ast.cpp,74
FMEA-846,CompReport,State corruption in CompReport(),Incorrect system behaviour or safety-function failure originating in CompReport (class),8,4,5,160,high,src/comp/comp.hpp,25
FMEA-275,write_json,Buffer overflow in write_json(),Incorrect system behaviour or safety-function failure originating in write_json (function),8,4,5,160,high,src/vuln/vuln.cpp,106
FMEA-966,Completeness,State corruption in Completeness(),Incorrect system behaviour or safety-function failure originating in Completeness (class),8,4,5,160,high,src/safety_case/safety_case.hpp,36
FMEA-1507,branch_threshold,Buffer overflow in branch_threshold(),Incorrect system behaviour or safety-function failure originating in branch_threshold (function),8,4,5,160,high,src/coverage/coverage.cpp,40
FMEA-643,build,Buffer overflow in build(),Incorrect system behaviour or safety-function failure originating in build (function),8,4,5,160,high,src/sci/sci.cpp,50
FMEA-271,scan,Buffer overflow in scan(),Incorrect system behaviour or safety-function failure originating in scan (function),8,4,5,160,high,src/vuln/vuln.cpp,83
FMEA-647,to_json,Buffer overflow in to_json(),Incorrect system behaviour or safety-function failure originating in to_json (function),8,4,5,160,high,src/sci/sci.cpp,77
FMEA-1394,Rule,State corruption in Rule(),Incorrect system behaviour or safety-function failure originating in Rule (class),8,4,5,160,high,src/engine/engine.hpp,25
FMEA-535,contains_ci,Buffer overflow in contains_ci(),Incorrect system behaviour or safety-function failure originating in contains_ci (function),8,4,5,160,high,src/quality/quality.cpp,112
FMEA-474,Objective,State corruption in Objective(),Incorrect system behaviour or safety-function failure originating in Objective (class),8,4,5,160,high,src/do178/do178.hpp,17
FMEA-1135,add_report_envelope,Buffer overflow in add_report_envelope(),Incorrect system behaviour or safety-function failure originating in add_report_envelope (function),8,4,5,160,high,src/report/report.cpp,46
FMEA-1351,make_fusa004,Buffer overflow in make_fusa004(),Incorrect system behaviour or safety-function failure originating in make_fusa004 (function),8,4,5,160,high,src/engine/rules.hpp,15
FMEA-471,parse_dal,Buffer overflow in parse_dal(),Incorrect system behaviour or safety-function failure originating in parse_dal (function),8,4,5,160,high,src/do178/do178.hpp,12
FMEA-1387,make_verify002,Buffer overflow in make_verify002(),Incorrect system behaviour or safety-function failure originating in make_verify002 (function),8,4,5,160,high,src/engine/rules.hpp,34
FMEA-883,parse_level,Buffer overflow in parse_level(),Incorrect system behaviour or safety-function failure originating in parse_level (function),8,4,5,160,high,src/slsa/slsa.hpp,12
FMEA-539,write_canonical,Buffer overflow in write_canonical(),Incorrect system behaviour or safety-function failure originating in write_canonical (function),8,4,5,160,high,src/quality/quality.cpp,144
FMEA-467,render_text,Buffer overflow in render_text(),Incorrect system behaviour or safety-function failure originating in render_text (function),8,4,5,160,high,src/unece/unece.hpp,42
FMEA-1390,RuleInfo,State corruption in RuleInfo(),Incorrect system behaviour or safety-function failure originating in RuleInfo (class),8,4,5,160,high,src/engine/engine.hpp,14
FMEA-1146,DataEdge,State corruption in DataEdge(),Incorrect system behaviour or safety-function failure originating in DataEdge (class),8,4,5,160,high,src/coupling/coupling.hpp,11
FMEA-463,write_json,Buffer overflow in write_json(),Incorrect system behaviour or safety-function failure originating in write_json (function),8,4,5,160,high,src/unece/unece.hpp,41
FMEA-903,parse_status,Buffer overflow in parse_status(),Incorrect system behaviour or safety-function failure originating in parse_status (function),8,4,5,160,high,src/pr/pr.cpp,29
FMEA-543,sha256_prefixed,Buffer overflow in sha256_prefixed(),Incorrect system behaviour or safety-function failure originating in sha256_prefixed (function),8,4,5,160,high,src/quality/quality.cpp,204
FMEA-1383,make_hara004,Buffer overflow in make_hara004(),Incorrect system behaviour or safety-function failure originating in make_hara004 (function),8,4,5,160,high,src/engine/rules.hpp,32
FMEA-458,Report,State corruption in Report(),Incorrect system behaviour or safety-function failure originating in Report (class),8,4,5,160,high,src/unece/unece.hpp,26
FMEA-907,parse_severity,Buffer overflow in parse_severity(),Incorrect system behaviour or safety-function failure originating in parse_severity (function),8,4,5,160,high,src/pr/pr.cpp,34
FMEA-1347,make_fusa003,Buffer overflow in make_fusa003(),Incorrect system behaviour or safety-function failure originating in make_fusa003 (function),8,4,5,160,high,src/engine/rules.hpp,13
FMEA-454,Threat,State corruption in Threat(),Incorrect system behaviour or safety-function failure originating in Threat (class),8,4,5,160,high,src/unece/unece.hpp,14
FMEA-1398,Engine,State corruption in Engine(),Incorrect system behaviour or safety-function failure originating in Engine (class),8,4,5,160,high,src/engine/engine.hpp,30
FMEA-547,sha256_prefixed,Buffer overflow in sha256_prefixed(),Incorrect system behaviour or safety-function failure originating in sha256_prefixed (function),8,4,5,160,high,src/quality/quality.cpp,238
FMEA-451,render_text,Buffer overflow in render_text(),Incorrect system behaviour or safety-function failure originating in render_text (function),8,4,5,160,high,src/unece/unece.cpp,185
FMEA-1131,make_header,Buffer overflow in make_header(),Incorrect system behaviour or safety-function failure originating in make_header (function),8,4,5,160,high,src/report/report.cpp,34
FMEA-447,write_json,Buffer overflow in write_json(),Incorrect system behaviour or safety-function failure originating in write_json (function),8,4,5,160,high,src/unece/unece.cpp,153
FMEA-911,load,Buffer overflow in load(),Incorrect system behaviour or safety-function failure originating in load (function),8,4,5,160,high,src/pr/pr.cpp,41
FMEA-551,parse,Buffer overflow in parse(),Incorrect system behaviour or safety-function failure originating in parse (function),8,4,5,160,high,src/quality/quality.cpp,241
FMEA-443,build_report,Buffer overflow in build_report(),Incorrect system behaviour or safety-function failure originating in build_report (function),8,4,5,160,high,src/unece/unece.cpp,150
FMEA-1403,register_rule,Buffer overflow in register_rule(),Incorrect system behaviour or safety-function failure originating in register_rule (function),8,4,5,160,high,src/engine/engine.hpp,32
FMEA-523,sha256_init,Buffer overflow in sha256_init(),Incorrect system behaviour or safety-function failure originating in sha256_init (function),8,4,5,160,high,src/quality/quality.cpp,62
FMEA-514,Sha256Ctx,State corruption in Sha256Ctx(),Incorrect system behaviour or safety-function failure originating in Sha256Ctx (class),8,4,5,160,high,src/quality/quality.cpp,21
FMEA-511,render_text,Buffer overflow in render_text(),Incorrect system behaviour or safety-function failure originating in render_text (function),8,4,5,160,high,src/do178/do178.cpp,187
FMEA-890,Report,State corruption in Report(),Incorrect system behaviour or safety-function failure originating in Report (class),8,4,5,160,high,src/slsa/slsa.hpp,30
FMEA-1363,make_hara005,Buffer overflow in make_hara005(),Incorrect system behaviour or safety-function failure originating in make_hara005 (function),8,4,5,160,high,src/engine/rules.hpp,22
FMEA-1142,ReportOptions,State corruption in ReportOptions(),Incorrect system behaviour or safety-function failure originating in ReportOptions (class),8,4,5,160,high,src/report/report.hpp,13
FMEA-507,write_json,Buffer overflow in write_json(),Incorrect system behaviour or safety-function failure originating in write_json (function),8,4,5,160,high,src/do178/do178.cpp,168
FMEA-1367,make_iso26262002,Buffer overflow in make_iso26262002(),Incorrect system behaviour or safety-function failure originating in make_iso26262002 (function),8,4,5,160,high,src/engine/rules.hpp,24
FMEA-519,sha256_transform,Buffer overflow in sha256_transform(),Incorrect system behaviour or safety-function failure originating in sha256_transform (function),8,4,5,160,high,src/quality/quality.cpp,47
FMEA-503,assess,Buffer overflow in assess(),Incorrect system behaviour or safety-function failure originating in assess (function),8,4,5,160,high,src/do178/do178.cpp,143
FMEA-1139,exit_code,Buffer overflow in exit_code(),Incorrect system behaviour or safety-function failure originating in exit_code (function),8,4,5,160,high,src/report/report.cpp,270
FMEA-1359,make_coup003,Buffer overflow in make_coup003(),Incorrect system behaviour or safety-function failure originating in make_coup003 (function),8,4,5,160,high,src/engine/rules.hpp,20
FMEA-499,detect_status,Buffer overflow in detect_status(),Incorrect system behaviour or safety-function failure originating in detect_status (function),8,4,5,160,high,src/do178/do178.cpp,102
FMEA-1371,make_iso26262003,Buffer overflow in make_iso26262003(),Incorrect system behaviour or safety-function failure originating in make_iso26262003 (function),8,4,5,160,high,src/engine/rules.hpp,26
FMEA-1343,make_fusa002,Buffer overflow in make_fusa002(),Incorrect system behaviour or safety-function failure originating in make_fusa002 (function),8,4,5,160,high,src/engine/rules.hpp,11
FMEA-495,is_required,Buffer overflow in is_required(),Incorrect system behaviour or safety-function failure originating in is_required (function),8,4,5,160,high,src/do178/do178.cpp,93
FMEA-886,Requirement,State corruption in Requirement(),Incorrect system behaviour or safety-function failure originating in Requirement (class),8,4,5,160,high,src/slsa/slsa.hpp,18
FMEA-895,write_json,Buffer overflow in write_json(),Incorrect system behaviour or safety-function failure originating in write_json (function),8,4,5,160,high,src/slsa/slsa.hpp,42
FMEA-491,parse_dal,Buffer overflow in parse_dal(),Incorrect system behaviour or safety-function failure originating in parse_dal (function),8,4,5,160,high,src/do178/do178.cpp,15
FMEA-1375,make_hara002,Buffer overflow in make_hara002(),Incorrect system behaviour or safety-function failure originating in make_hara002 (function),8,4,5,160,high,src/engine/rules.hpp,28
FMEA-527,sha256_update,Buffer overflow in sha256_update(),Incorrect system behaviour or safety-function failure originating in sha256_update (function),8,4,5,160,high,src/quality/quality.cpp,70
FMEA-487,render_text,Buffer overflow in render_text(),Incorrect system behaviour or safety-function failure originating in render_text (function),8,4,5,160,high,src/do178/do178.hpp,42
FMEA-1355,make_fusa005,Buffer overflow in make_fusa005(),Incorrect system behaviour or safety-function failure originating in make_fusa005 (function),8,4,5,160,high,src/engine/rules.hpp,17
FMEA-531,sha256_final,Buffer overflow in sha256_final(),Incorrect system behaviour or safety-function failure originating in sha256_final (function),8,4,5,160,high,src/quality/quality.cpp,81
FMEA-483,write_json,Buffer overflow in write_json(),Incorrect system behaviour or safety-function failure originating in write_json (function),8,4,5,160,high,src/do178/do178.hpp,41
FMEA-1379,make_hara003,Buffer overflow in make_hara003(),Incorrect system behaviour or safety-function failure originating in make_hara003 (function),8,4,5,160,high,src/engine/rules.hpp,30
FMEA-899,render_text,Buffer overflow in render_text(),Incorrect system behaviour or safety-function failure originating in render_text (function),8,4,5,160,high,src/slsa/slsa.hpp,43
FMEA-478,Report,State corruption in Report(),Incorrect system behaviour or safety-function failure originating in Report (class),8,4,5,160,high,src/do178/do178.hpp,28
FMEA-582,TestSummary,State corruption in TestSummary(),Incorrect system behaviour or safety-function failure originating in TestSummary (class),8,4,5,160,high,src/verify/verify.hpp,17
FMEA-1427,make_fusa003,Buffer overflow in make_fusa003(),Incorrect system behaviour or safety-function failure originating in make_fusa003 (function),8,4,5,160,high,src/engine/rules.cpp,79
FMEA-574,QualField,State corruption in QualField(),Incorrect system behaviour or safety-function failure originating in QualField (class),8,4,5,160,high,src/quality/quality.hpp,106
FMEA-402,HLRViolation,State corruption in HLRViolation(),Incorrect system behaviour or safety-function failure originating in HLRViolation (class),8,4,5,160,high,src/trace/trace.hpp,29
FMEA-1123,for_each_source,Buffer overflow in for_each_source(),Incorrect system behaviour or safety-function failure originating in for_each_source (function),8,4,5,160,high,src/analyze/analyze.cpp,34
FMEA-871,assess,Buffer overflow in assess(),Incorrect system behaviour or safety-function failure originating in assess (function),8,4,5,160,high,src/slsa/slsa.cpp,85
FMEA-1431,make_fusa004,Buffer overflow in make_fusa004(),Incorrect system behaviour or safety-function failure originating in make_fusa004 (function),8,4,5,160,high,src/engine/rules.cpp,95
FMEA-398,Annotation,State corruption in Annotation(),Incorrect system behaviour or safety-function failure originating in Annotation (class),8,4,5,160,high,src/trace/trace.hpp,22
FMEA-1330,Summary,State corruption in Summary(),Incorrect system behaviour or safety-function failure originating in Summary (class),8,4,5,160,high,src/tara/tara.hpp,43
FMEA-927,parse_status,Buffer overflow in parse_status(),Incorrect system behaviour or safety-function failure originating in parse_status (function),8,4,5,160,high,src/pr/pr.hpp,15
FMEA-578,TestResult,State corruption in TestResult(),Incorrect system behaviour or safety-function failure originating in TestResult (class),8,4,5,160,high,src/verify/verify.hpp,10
FMEA-394,Requirement,State corruption in Requirement(),Incorrect system behaviour or safety-function failure originating in Requirement (class),8,4,5,160,high,src/trace/trace.hpp,12
FMEA-1435,make_fusa005,Buffer overflow in make_fusa005(),Incorrect system behaviour or safety-function failure originating in make_fusa005 (function),8,4,5,160,high,src/engine/rules.cpp,111
FMEA-391,save_requirements,Buffer overflow in save_requirements(),Incorrect system behaviour or safety-function failure originating in save_requirements (function),8,4,5,160,high,src/trace/trace.cpp,761
FMEA-1326,ThreatScenario,State corruption in ThreatScenario(),Incorrect system behaviour or safety-function failure originating in ThreatScenario (class),8,4,5,160,high,src/tara/tara.hpp,27
FMEA-406,DanglingTag,State corruption in DanglingTag(),Incorrect system behaviour or safety-function failure originating in DanglingTag (class),8,4,5,160,high,src/trace/trace.hpp,38
FMEA-867,is_required,Buffer overflow in is_required(),Incorrect system behaviour or safety-function failure originating in is_required (function),8,4,5,160,high,src/slsa/slsa.cpp,73
FMEA-387,scan_func_coverage,Buffer overflow in scan_func_coverage(),Incorrect system behaviour or safety-function failure originating in scan_func_coverage (function),8,4,5,160,high,src/trace/trace.cpp,219
FMEA-1154,CouplingReport,State corruption in CouplingReport(),Incorrect system behaviour or safety-function failure originating in CouplingReport (class),8,4,5,160,high,src/coupling/coupling.hpp,23
FMEA-1439,make_coup003,Buffer overflow in make_coup003(),Incorrect system behaviour or safety-function failure originating in make_coup003 (function),8,4,5,160,high,src/engine/rules.cpp,128
FMEA-586,EvidenceBundle,State corruption in EvidenceBundle(),Incorrect system behaviour or safety-function failure originating in EvidenceBundle (class),8,4,5,160,high,src/verify/verify.hpp,24
FMEA-383,func_has_tag_above,Buffer overflow in func_has_tag_above(),Incorrect system behaviour or safety-function failure originating in func_has_tag_above (function),8,4,5,160,high,src/trace/trace.cpp,185
FMEA-1322,SFOPImpact,State corruption in SFOPImpact(),Incorrect system behaviour or safety-function failure originating in SFOPImpact (class),8,4,5,160,high,src/tara/tara.hpp,20
FMEA-931,parse_severity,Buffer overflow in parse_severity(),Incorrect system behaviour or safety-function failure originating in parse_severity (function),8,4,5,160,high,src/pr/pr.hpp,16
FMEA-1443,make_hara005,Buffer overflow in make_hara005(),Incorrect system behaviour or safety-function failure originating in make_hara005 (function),8,4,5,160,high,src/engine/rules.cpp,144
FMEA-378,Block,State corruption in Block(),Incorrect system behaviour or safety-function failure originating in Block (class),8,4,5,160,high,src/trace/trace.cpp,101
FMEA-590,ProjectConfig,State corruption in ProjectConfig(),Incorrect system behaviour or safety-function failure originating in ProjectConfig (class),8,4,5,160,high,src/config/config.hpp,11
FMEA-934,ProblemReport,State corruption in ProblemReport(),Incorrect system behaviour or safety-function failure originating in ProblemReport (class),8,4,5,160,high,src/pr/pr.hpp,18
FMEA-374,DeclaredFunc,State corruption in DeclaredFunc(),Incorrect system behaviour or safety-function failure originating in DeclaredFunc (class),8,4,5,160,high,src/trace/trace.cpp,67
FMEA-1126,FuncBlock,State corruption in FuncBlock(),Incorrect system behaviour or safety-function failure originating in FuncBlock (class),8,4,5,160,high,src/analyze/analyze.cpp,66
FMEA-439,assess_r156,Buffer overflow in assess_r156(),Incorrect system behaviour or safety-function failure originating in assess_r156 (function),8,4,5,160,high,src/unece/unece.cpp,149
FMEA-879,render_text,Buffer overflow in render_text(),Incorrect system behaviour or safety-function failure originating in render_text (function),8,4,5,160,high,src/slsa/slsa.cpp,131
FMEA-555,to_json,Buffer overflow in to_json(),Incorrect system behaviour or safety-function failure originating in to_json (function),8,4,5,160,high,src/quality/quality.cpp,256
FMEA-435,build_report,Buffer overflow in build_report(),Incorrect system behaviour or safety-function failure originating in build_report (function),8,4,5,160,high,src/unece/unece.cpp,145
FMEA-1407,any_file,Buffer overflow in any_file(),Incorrect system behaviour or safety-function failure originating in any_file (function),8,4,5,160,high,src/engine/rules.cpp,17
FMEA-559,is_valid_reviewed,Buffer overflow in is_valid_reviewed(),Incorrect system behaviour or safety-function failure originating in is_valid_reviewed (function),8,4,5,160,high,src/quality/quality.cpp,268
FMEA-431,assess_r155,Buffer overflow in assess_r155(),Incorrect system behaviour or safety-function failure originating in assess_r155 (function),8,4,5,160,high,src/unece/unece.cpp,144
FMEA-915,save,Buffer overflow in save(),Incorrect system behaviour or safety-function failure originating in save (function),8,4,5,160,high,src/pr/pr.cpp,68
FMEA-1339,make_fusa001,Buffer overflow in make_fusa001(),Incorrect system behaviour or safety-function failure originating in make_fusa001 (function),8,4,5,160,high,src/engine/rules.hpp,9
FMEA-427,build_report,Buffer overflow in build_report(),Incorrect system behaviour or safety-function failure originating in build_report (function),8,4,5,160,high,src/unece/unece.cpp,119
FMEA-1411,source_contains,Buffer overflow in source_contains(),Incorrect system behaviour or safety-function failure originating in source_contains (function),8,4,5,160,high,src/engine/rules.cpp,28
FMEA-563,finding,Buffer overflow in finding(),Incorrect system behaviour or safety-function failure originating in finding (function),8,4,5,160,high,src/quality/quality.cpp,293
FMEA-423,detect_status,Buffer overflow in detect_status(),Incorrect system behaviour or safety-function failure originating in detect_status (function),8,4,5,160,high,src/unece/unece.cpp,40
FMEA-1199,save,Buffer overflow in save(),Incorrect system behaviour or safety-function failure originating in save (function),8,4,5,160,high,src/hara/hara.cpp,158
FMEA-1415,any_file,Buffer overflow in any_file(),Incorrect system behaviour or safety-function failure originating in any_file (function),8,4,5,160,high,src/engine/rules.cpp,30
FMEA-875,write_json,Buffer overflow in write_json(),Incorrect system behaviour or safety-function failure originating in write_json (function),8,4,5,160,high,src/slsa/slsa.cpp,107
FMEA-418,TraceOptions,State corruption in TraceOptions(),Incorrect system behaviour or safety-function failure originating in TraceOptions (class),8,4,5,160,high,src/trace/trace.hpp,83
FMEA-919,add,Buffer overflow in add(),Incorrect system behaviour or safety-function failure originating in add (function),8,4,5,160,high,src/pr/pr.cpp,92
FMEA-567,finding,Buffer overflow in finding(),Incorrect system behaviour or safety-function failure originating in finding (function),8,4,5,160,high,src/quality/quality.cpp,322
FMEA-1419,make_fusa001,Buffer overflow in make_fusa001(),Incorrect system behaviour or safety-function failure originating in make_fusa001 (function),8,4,5,160,high,src/engine/rules.cpp,45
FMEA-414,TraceResult,State corruption in TraceResult(),Incorrect system behaviour or safety-function failure originating in TraceResult (class),8,4,5,160,high,src/trace/trace.hpp,57
FMEA-1150,ControlEdge,State corruption in ControlEdge(),Incorrect system behaviour or safety-function failure originating in ControlEdge (class),8,4,5,160,high,src/coupling/coupling.hpp,17
FMEA-570,Attestation,State corruption in Attestation(),Incorrect system behaviour or safety-function failure originating in Attestation (class),8,4,5,160,high,src/quality/quality.hpp,70
FMEA-410,FuncCoverage,State corruption in FuncCoverage(),Incorrect system behaviour or safety-function failure originating in FuncCoverage (class),8,4,5,160,high,src/trace/trace.hpp,50
FMEA-1423,make_fusa002,Buffer overflow in make_fusa002(),Incorrect system behaviour or safety-function failure originating in make_fusa002 (function),8,4,5,160,high,src/engine/rules.cpp,61
FMEA-1334,TARAReport,State corruption in TARAReport(),Incorrect system behaviour or safety-function failure originating in TARAReport (class),8,4,5,160,high,src/tara/tara.hpp,53
FMEA-923,render,Buffer overflow in render(),Incorrect system behaviour or safety-function failure originating in render (function),8,4,5,160,high,src/pr/pr.cpp,97
FMEA-1215,compute_completeness,Buffer overflow in compute_completeness(),Incorrect system behaviour or safety-function failure originating in compute_completeness (function),8,4,5,160,high,src/hara/hara.cpp,215
FMEA-1014,FixEntry,State corruption in FixEntry(),Incorrect system behaviour or safety-function failure originating in FixEntry (class),8,4,5,160,high,src/fix/fix.hpp,9
FMEA-1587,analyse,Buffer overflow in analyse(),Incorrect system behaviour or safety-function failure originating in analyse (function),8,4,5,160,high,src/impact/impact.cpp,81
FMEA-774,SBOM,State corruption in SBOM(),Incorrect system behaviour or safety-function failure originating in SBOM (class),8,4,5,160,high,src/release/release.hpp,25
FMEA-126,Check,State corruption in Check(),Incorrect system behaviour or safety-function failure originating in Check (class),8,4,5,160,high,src/iec62443/iec62443.hpp,18
FMEA-1183,parse_exposure,Buffer overflow in parse_exposure(),Incorrect system behaviour or safety-function failure originating in parse_exposure (function),8,4,5,160,high,src/hara/hara.cpp,49
FMEA-123,parse_sl,Buffer overflow in parse_sl(),Incorrect system behaviour or safety-function failure originating in parse_sl (function),8,4,5,160,high,src/iec62443/iec62443.hpp,12
FMEA-1070,Summary,State corruption in Summary(),Incorrect system behaviour or safety-function failure originating in Summary (class),8,4,5,160,high,src/fmea/fmea.hpp,44
FMEA-39,hb,Buffer overflow in hb(),Incorrect system behaviour or safety-function failure originating in hb (function),8,4,5,160,high,tests/test_runtime.cpp,77
FMEA-802,AuditManifest,State corruption in AuditManifest(),Incorrect system behaviour or safety-function failure originating in AuditManifest (class),8,4,5,160,high,src/auditpack/auditpack.hpp,19
FMEA-727,write_file,Buffer overflow in write_file(),Incorrect system behaviour or safety-function failure originating in write_file (function),8,4,5,160,high,src/template/template_gen.cpp,98
FMEA-119,render_text,Buffer overflow in render_text(),Incorrect system behaviour or safety-function failure originating in render_text (function),8,4,5,160,high,src/iec62443/iec62443.cpp,169
FMEA-1591,render_text,Buffer overflow in render_text(),Incorrect system behaviour or safety-function failure originating in render_text (function),8,4,5,160,high,src/impact/impact.cpp,129
FMEA-723,header,Buffer overflow in header(),Incorrect system behaviour or safety-function failure originating in header (function),8,4,5,160,high,src/template/template_gen.cpp,89
FMEA-1238,Hazard,State corruption in Hazard(),Incorrect system behaviour or safety-function failure originating in Hazard (class),8,4,5,160,high,src/hara/hara.hpp,33
FMEA-115,write_json,Buffer overflow in write_json(),Incorrect system behaviour or safety-function failure originating in write_json (function),8,4,5,160,high,src/iec62443/iec62443.cpp,144
FMEA-731,gen_one,Buffer overflow in gen_one(),Incorrect system behaviour or safety-function failure originating in gen_one (function),8,4,5,160,high,src/template/template_gen.cpp,151
FMEA-1631,assess,Buffer overflow in assess(),Incorrect system behaviour or safety-function failure originating in assess (function),8,4,5,160,high,src/iso26262/iso26262.cpp,127
FMEA-814,SHA256Ctx3,State corruption in SHA256Ctx3(),Incorrect system behaviour or safety-function failure originating in SHA256Ctx3 (class),8,4,5,160,high,src/auditpack/auditpack.cpp,103
FMEA-111,assess,Buffer overflow in assess(),Incorrect system behaviour or safety-function failure originating in assess (function),8,4,5,160,high,src/iec62443/iec62443.cpp,119
FMEA-1595,render_json,Buffer overflow in render_json(),Incorrect system behaviour or safety-function failure originating in render_json (function),8,4,5,160,high,src/impact/impact.cpp,143
FMEA-43,hb,Buffer overflow in hb(),Incorrect system behaviour or safety-function failure originating in hb (function),8,4,5,160,high,tests/test_runtime.cpp,89
FMEA-734,DiffFinding,State corruption in DiffFinding(),Incorrect system behaviour or safety-function failure originating in DiffFinding (class),8,4,5,160,high,src/diff/diff.hpp,11
FMEA-770,Component,State corruption in Component(),Incorrect system behaviour or safety-function failure originating in Component (class),8,4,5,160,high,src/release/release.hpp,19
FMEA-107,is_required,Buffer overflow in is_required(),Incorrect system behaviour or safety-function failure originating in is_required (function),8,4,5,160,high,src/iec62443/iec62443.cpp,107
FMEA-1635,write_json,Buffer overflow in write_json(),Incorrect system behaviour or safety-function failure originating in write_json (function),8,4,5,160,high,src/iso26262/iso26262.cpp,152
FMEA-1074,FMEAReport,State corruption in FMEAReport(),Incorrect system behaviour or safety-function failure originating in FMEAReport (class),8,4,5,160,high,src/fmea/fmea.hpp,55
FMEA-150,Report,State corruption in Report(),Incorrect system behaviour or safety-function failure originating in Report (class),8,4,5,160,high,src/iso21434/iso21434.hpp,31
FMEA-1007,show,Buffer overflow in show(),Incorrect system behaviour or safety-function failure originating in show (function),8,4,5,160,high,src/fix/fix.cpp,105
FMEA-1055,is_excluded,Buffer overflow in is_excluded(),Incorrect system behaviour or safety-function failure originating in is_excluded (function),8,4,5,160,high,src/fmea/fmea.cpp,30
FMEA-711,header,Buffer overflow in header(),Incorrect system behaviour or safety-function failure originating in header (function),8,4,5,160,high,src/template/template_gen.cpp,56
FMEA-146,Objective,State corruption in Objective(),Incorrect system behaviour or safety-function failure originating in Objective (class),8,4,5,160,high,src/iso21434/iso21434.hpp,17
FMEA-31,g,Buffer overflow in g(),Incorrect system behaviour or safety-function failure originating in g (function),8,4,5,160,high,tests/test_runtime.cpp,48
FMEA-778,Provenance,State corruption in Provenance(),Incorrect system behaviour or safety-function failure originating in Provenance (class),8,4,5,160,high,src/release/release.hpp,34
FMEA-143,parse_cal,Buffer overflow in parse_cal(),Incorrect system behaviour or safety-function failure originating in parse_cal (function),8,4,5,160,high,src/iso21434/iso21434.hpp,12
FMEA-1195,content_json,Buffer overflow in content_json(),Incorrect system behaviour or safety-function failure originating in content_json (function),8,4,5,160,high,src/hara/hara.cpp,119
FMEA-1246,OperationalSituation,State corruption in OperationalSituation(),Incorrect system behaviour or safety-function failure originating in OperationalSituation (class),8,4,5,160,high,src/hara/hara.hpp,53
FMEA-715,header,Buffer overflow in header(),Incorrect system behaviour or safety-function failure originating in header (function),8,4,5,160,high,src/template/template_gen.cpp,68
FMEA-1019,show,Buffer overflow in show(),Incorrect system behaviour or safety-function failure originating in show (function),8,4,5,160,high,src/fix/fix.hpp,19
FMEA-35,g,Buffer overflow in g(),Incorrect system behaviour or safety-function failure originating in g (function),8,4,5,160,high,tests/test_runtime.cpp,57
FMEA-139,render_text,Buffer overflow in render_text(),Incorrect system behaviour or safety-function failure originating in render_text (function),8,4,5,160,high,src/iec62443/iec62443.hpp,44
FMEA-1579,render_json,Buffer overflow in render_json(),Incorrect system behaviour or safety-function failure originating in render_json (function),8,4,5,160,high,src/impact/impact.hpp,40
FMEA-719,header,Buffer overflow in header(),Incorrect system behaviour or safety-function failure originating in header (function),8,4,5,160,high,src/template/template_gen.cpp,81
FMEA-1211,render_text,Buffer overflow in render_text(),Incorrect system behaviour or safety-function failure originating in render_text (function),8,4,5,160,high,src/hara/hara.cpp,183
FMEA-135,write_json,Buffer overflow in write_json(),Incorrect system behaviour or safety-function failure originating in write_json (function),8,4,5,160,high,src/iec62443/iec62443.hpp,43
FMEA-1011,list_all,Buffer overflow in list_all(),Incorrect system behaviour or safety-function failure originating in list_all (function),8,4,5,160,high,src/fix/fix.cpp,120
FMEA-818,FileInfo,State corruption in FileInfo(),Incorrect system behaviour or safety-function failure originating in FileInfo (class),8,4,5,160,high,src/auditpack/auditpack.cpp,169
FMEA-1583,is_safe_git_ref,Buffer overflow in is_safe_git_ref(),Incorrect system behaviour or safety-function failure originating in is_safe_git_ref (function),8,4,5,160,high,src/impact/impact.cpp,33
FMEA-1242,SafetyGoal,State corruption in SafetyGoal(),Incorrect system behaviour or safety-function failure originating in SafetyGoal (class),8,4,5,160,high,src/hara/hara.hpp,42
FMEA-130,Report,State corruption in Report(),Incorrect system behaviour or safety-function failure originating in Report (class),8,4,5,160,high,src/iec62443/iec62443.hpp,30
FMEA-1191,load,Buffer overflow in load(),Incorrect system behaviour or safety-function failure originating in load (function),8,4,5,160,high,src/hara/hara.cpp,64
FMEA-1227,parse_exposure,Buffer overflow in parse_exposure(),Incorrect system behaviour or safety-function failure originating in parse_exposure (function),8,4,5,160,high,src/hara/hara.hpp,21
FMEA-51,parse_action,Buffer overflow in parse_action(),Incorrect system behaviour or safety-function failure originating in parse_action (function),8,4,5,160,high,src/disposition/disposition.hpp,13
FMEA-79,load,Buffer overflow in load(),Incorrect system behaviour or safety-function failure originating in load (function),8,4,5,160,high,src/disposition/disposition.cpp,19
FMEA-1611,write_json,Buffer overflow in write_json(),Incorrect system behaviour or safety-function failure originating in write_json (function),8,4,5,160,high,src/iso26262/iso26262.hpp,43
FMEA-750,SHA256Ctx2,State corruption in SHA256Ctx2(),Incorrect system behaviour or safety-function failure originating in SHA256Ctx2 (class),8,4,5,160,high,src/release/release.cpp,58
FMEA-767,parse_spdx_version,Buffer overflow in parse_spdx_version(),Incorrect system behaviour or safety-function failure originating in parse_spdx_version (function),8,4,5,160,high,src/release/release.hpp,17
FMEA-75,parse_action,Buffer overflow in parse_action(),Incorrect system behaviour or safety-function failure originating in parse_action (function),8,4,5,160,high,src/disposition/disposition.cpp,16
FMEA-1223,parse_severity,Buffer overflow in parse_severity(),Incorrect system behaviour or safety-function failure originating in parse_severity (function),8,4,5,160,high,src/hara/hara.hpp,20
FMEA-755,parse_spdx_version,Buffer overflow in parse_spdx_version(),Incorrect system behaviour or safety-function failure originating in parse_spdx_version (function),8,4,5,160,high,src/release/release.cpp,145
FMEA-71,find_by_rule,Buffer overflow in find_by_rule(),Incorrect system behaviour or safety-function failure originating in find_by_rule (function),8,4,5,160,high,src/disposition/disposition.hpp,32
FMEA-1615,render_text,Buffer overflow in render_text(),Incorrect system behaviour or safety-function failure originating in render_text (function),8,4,5,160,high,src/iso26262/iso26262.hpp,44
FMEA-806,CmdResult,State corruption in CmdResult(),Incorrect system behaviour or safety-function failure originating in CmdResult (class),8,4,5,160,high,src/auditpack/auditpack.cpp,75
FMEA-1627,detect_status,Buffer overflow in detect_status(),Incorrect system behaviour or safety-function failure originating in detect_status (function),8,4,5,160,high,src/iso26262/iso26262.cpp,72
FMEA-67,render_entries,Buffer overflow in render_entries(),Incorrect system behaviour or safety-function failure originating in render_entries (function),8,4,5,160,high,src/disposition/disposition.hpp,31
FMEA-54,Entry,State corruption in Entry(),Incorrect system behaviour or safety-function failure originating in Entry (class),8,4,5,160,high,src/disposition/disposition.hpp,15
FMEA-1031,write_json,Buffer overflow in write_json(),Incorrect system behaviour or safety-function failure originating in write_json (function),8,4,5,160,high,src/misra/misra.cpp,92
FMEA-759,write_sbom,Buffer overflow in write_sbom(),Incorrect system behaviour or safety-function failure originating in write_sbom (function),8,4,5,160,high,src/release/release.cpp,152
FMEA-1035,render_text,Buffer overflow in render_text(),Incorrect system behaviour or safety-function failure originating in render_text (function),8,4,5,160,high,src/misra/misra.cpp,111
FMEA-63,add,Buffer overflow in add(),Incorrect system behaviour or safety-function failure originating in add (function),8,4,5,160,high,src/disposition/disposition.hpp,30
FMEA-1619,parse_asil,Buffer overflow in parse_asil(),Incorrect system behaviour or safety-function failure originating in parse_asil (function),8,4,5,160,high,src/iso26262/iso26262.cpp,15
FMEA-1623,is_required,Buffer overflow in is_required(),Incorrect system behaviour or safety-function failure originating in is_required (function),8,4,5,160,high,src/iso26262/iso26262.cpp,62
FMEA-1219,to_report_json,Buffer overflow in to_report_json(),Incorrect system behaviour or safety-function failure originating in to_report_json (function),8,4,5,160,high,src/hara/hara.cpp,264
FMEA-763,hash_artifacts,Buffer overflow in hash_artifacts(),Incorrect system behaviour or safety-function failure originating in hash_artifacts (function),8,4,5,160,high,src/release/release.cpp,250
FMEA-58,Log,State corruption in Log(),Incorrect system behaviour or safety-function failure originating in Log (class),8,4,5,160,high,src/disposition/disposition.hpp,24
FMEA-1187,parse_controllability,Buffer overflow in parse_controllability(),Incorrect system behaviour or safety-function failure originating in parse_controllability (function),8,4,5,160,high,src/hara/hara.cpp,56
FMEA-1234,RiskRating,State corruption in RiskRating(),Incorrect system behaviour or safety-function failure originating in RiskRating (class),8,4,5,160,high,src/hara/hara.hpp,24
FMEA-738,Diff,State corruption in Diff(),Incorrect system behaviour or safety-function failure originating in Diff (class),8,4,5,160,high,src/diff/diff.hpp,19
FMEA-103,detect_status,Buffer overflow in detect_status(),Incorrect system behaviour or safety-function failure originating in detect_status (function),8,4,5,160,high,src/iec62443/iec62443.cpp,94
FMEA-1599,parse_asil,Buffer overflow in parse_asil(),Incorrect system behaviour or safety-function failure originating in parse_asil (function),8,4,5,160,high,src/iso26262/iso26262.hpp,12
FMEA-811,run_cmd,Buffer overflow in run_cmd(),Incorrect system behaviour or safety-function failure originating in run_cmd (function),8,4,5,160,high,src/auditpack/auditpack.cpp,80
FMEA-1038,Rule,State corruption in Rule(),Incorrect system behaviour or safety-function failure originating in Rule (class),8,4,5,160,high,src/misra/misra.hpp,13
FMEA-99,parse_sl,Buffer overflow in parse_sl(),Incorrect system behaviour or safety-function failure originating in parse_sl (function),8,4,5,160,high,src/iec62443/iec62443.cpp,16
FMEA-1066,FmeaEntry,State corruption in FmeaEntry(),Incorrect system behaviour or safety-function failure originating in FmeaEntry (class),8,4,5,160,high,src/fmea/fmea.hpp,25
FMEA-1602,Objective,State corruption in Objective(),Incorrect system behaviour or safety-function failure originating in Objective (class),8,4,5,160,high,src/iso26262/iso26262.hpp,17
FMEA-1231,parse_controllability,Buffer overflow in parse_controllability(),Incorrect system behaviour or safety-function failure originating in parse_controllability (function),8,4,5,160,high,src/hara/hara.hpp,22
FMEA-95,find_by_rule,Buffer overflow in find_by_rule(),Incorrect system behaviour or safety-function failure originating in find_by_rule (function),8,4,5,160,high,src/disposition/disposition.cpp,90
FMEA-1575,render_text,Buffer overflow in render_text(),Incorrect system behaviour or safety-function failure originating in render_text (function),8,4,5,160,high,src/impact/impact.hpp,39
FMEA-1023,list_all,Buffer overflow in list_all(),Incorrect system behaviour or safety-function failure originating in list_all (function),8,4,5,160,high,src/fix/fix.hpp,20
FMEA-743,compare,Buffer overflow in compare(),Incorrect system behaviour or safety-function failure originating in compare (function),8,4,5,160,high,src/diff/diff.hpp,34
FMEA-91,render_entries,Buffer overflow in render_entries(),Incorrect system behaviour or safety-function failure originating in render_entries (function),8,4,5,160,high,src/disposition/disposition.cpp,71
FMEA-1058,Declaration,State corruption in Declaration(),Incorrect system behaviour or safety-function failure originating in Declaration (class),8,4,5,160,high,src/fmea/fmea.cpp,50
FMEA-1606,Report,State corruption in Report(),Incorrect system behaviour or safety-function failure originating in Report (class),8,4,5,160,high,src/iso26262/iso26262.hpp,30
FMEA-47,main,Buffer overflow in main(),Incorrect system behaviour or safety-function failure originating in main (function),8,4,5,160,high,build-audit/CMakeFiles/4.3.3/CompilerIdCXX/CMakeCXXCompilerId.cpp,924
FMEA-87,add,Buffer overflow in add(),Incorrect system behaviour or safety-function failure originating in add (function),8,4,5,160,high,src/disposition/disposition.cpp,62
FMEA-1063,to_json,Buffer overflow in to_json(),Incorrect system behaviour or safety-function failure originating in to_json (function),8,4,5,160,high,src/fmea/fmea.cpp,230
FMEA-747,compare,Buffer overflow in compare(),Incorrect system behaviour or safety-function failure originating in compare (function),8,4,5,160,high,src/diff/diff.cpp,51
FMEA-83,save,Buffer overflow in save(),Incorrect system behaviour or safety-function failure originating in save (function),8,4,5,160,high,src/disposition/disposition.cpp,42
FMEA-1027,build_report,Buffer overflow in build_report(),Incorrect system behaviour or safety-function failure originating in build_report (function),8,4,5,160,high,src/misra/misra.cpp,71
FMEA-1547,write_json,Buffer overflow in write_json(),Incorrect system behaviour or safety-function failure originating in write_json (function),8,4,5,160,high,src/coverage/coverage.hpp,79
FMEA-678,SafeStateGuard,State corruption in SafeStateGuard(),Incorrect system behaviour or safety-function failure originating in SafeStateGuard (class),8,4,5,160,high,src/runtime/safe_state.hpp,16
FMEA-207,render_json,Buffer overflow in render_json(),Incorrect system behaviour or safety-function failure originating in render_json (function),8,4,5,160,high,src/metrics/metrics.cpp,160
FMEA-987,write_markdown,Buffer overflow in write_markdown(),Incorrect system behaviour or safety-function failure originating in write_markdown (function),8,4,5,160,high,src/sas/sas.hpp,47
FMEA-1266,Objective,State corruption in Objective(),Incorrect system behaviour or safety-function failure originating in Objective (class),8,4,5,160,high,src/iec61508/iec61508.hpp,17
FMEA-11,make_finding,Buffer overflow in make_finding(),Incorrect system behaviour or safety-function failure originating in make_finding (function),8,4,5,160,high,tests/test_report.cpp,30
FMEA-203,render_text,Buffer overflow in render_text(),Incorrect system behaviour or safety-function failure originating in render_text (function),8,4,5,160,high,src/metrics/metrics.cpp,128
FMEA-1263,parse_sil,Buffer overflow in parse_sil(),Incorrect system behaviour or safety-function failure originating in parse_sil (function),8,4,5,160,high,src/iec61508/iec61508.hpp,12
FMEA-795,write_sbom,Buffer overflow in write_sbom(),Incorrect system behaviour or safety-function failure originating in write_sbom (function),8,4,5,160,high,src/release/release.hpp,73
FMEA-1082,TUFindings,State corruption in TUFindings(),Incorrect system behaviour or safety-function failure originating in TUFindings (class),8,4,5,160,high,src/ast/ast.cpp,38
FMEA-683,SafeStateGuard,Buffer overflow in SafeStateGuard(),Incorrect system behaviour or safety-function failure originating in SafeStateGuard (function),8,4,5,160,high,src/runtime/safe_state.hpp,20
FMEA-1646,Badge,State corruption in Badge(),Incorrect system behaviour or safety-function failure originating in Badge (class),8,4,5,160,high,src/badge/badge.hpp,11
FMEA-199,save,Buffer overflow in save(),Incorrect system behaviour or safety-function failure originating in save (function),8,4,5,160,high,src/metrics/metrics.cpp,108
FMEA-1542,CoverageReport,State corruption in CoverageReport(),Incorrect system behaviour or safety-function failure originating in CoverageReport (class),8,4,5,160,high,src/coverage/coverage.hpp,52
FMEA-15,REQUIRE_FALSE,Buffer overflow in REQUIRE_FALSE(),Incorrect system behaviour or safety-function failure originating in REQUIRE_FALSE (function),8,4,5,160,high,tests/test_verify.cpp,121
FMEA-195,append,Buffer overflow in append(),Incorrect system behaviour or safety-function failure originating in append (function),8,4,5,160,high,src/metrics/metrics.cpp,103
FMEA-991,build,Buffer overflow in build(),Incorrect system behaviour or safety-function failure originating in build (function),8,4,5,160,high,src/sas/sas.cpp,51
FMEA-831,analyse,Buffer overflow in analyse(),Incorrect system behaviour or safety-function failure originating in analyse (function),8,4,5,160,high,src/comp/comp.cpp,104
FMEA-1179,parse_severity,Buffer overflow in parse_severity(),Incorrect system behaviour or safety-function failure originating in parse_severity (function),8,4,5,160,high,src/hara/hara.cpp,43
FMEA-191,collect,Buffer overflow in collect(),Incorrect system behaviour or safety-function failure originating in collect (function),8,4,5,160,high,src/metrics/metrics.cpp,52
FMEA-1203,init,Buffer overflow in init(),Incorrect system behaviour or safety-function failure originating in init (function),8,4,5,160,high,src/hara/hara.cpp,168
FMEA-1551,render_text,Buffer overflow in render_text(),Incorrect system behaviour or safety-function failure originating in render_text (function),8,4,5,160,high,src/coverage/coverage.hpp,80
FMEA-786,Manifest,State corruption in Manifest(),Incorrect system behaviour or safety-function failure originating in Manifest (class),8,4,5,160,high,src/release/release.hpp,49
FMEA-1643,from_findings,Buffer overflow in from_findings(),Incorrect system behaviour or safety-function failure originating in from_findings (function),8,4,5,160,high,src/badge/badge.cpp,8
FMEA-19,REQUIRE_FALSE,Buffer overflow in REQUIRE_FALSE(),Incorrect system behaviour or safety-function failure originating in REQUIRE_FALSE (function),8,4,5,160,high,tests/test_verify.cpp,149
FMEA-6,Finding,State corruption in Finding(),Incorrect system behaviour or safety-function failure originating in Finding (class),8,4,5,160,high,include/cpfusa/fusa.hpp,26
FMEA-1530,FileCoverage,State corruption in FileCoverage(),Incorrect system behaviour or safety-function failure originating in FileCoverage (class),8,4,5,160,high,src/coverage/coverage.hpp,16
FMEA-1171,write_json,Buffer overflow in write_json(),Incorrect system behaviour or safety-function failure originating in write_json (function),8,4,5,160,high,src/coupling/coupling.cpp,91
FMEA-839,render_text,Buffer overflow in render_text(),Incorrect system behaviour or safety-function failure originating in render_text (function),8,4,5,160,high,src/comp/comp.cpp,166
FMEA-227,render_text,Buffer overflow in render_text(),Incorrect system behaviour or safety-function failure originating in render_text (function),8,4,5,160,high,src/metrics/metrics.hpp,31
FMEA-978,SAS,State corruption in SAS(),Incorrect system behaviour or safety-function failure originating in SAS (class),8,4,5,160,high,src/sas/sas.hpp,25
FMEA-3,main,Buffer overflow in main(),Incorrect system behaviour or safety-function failure originating in main (function),8,4,5,160,high,build-test/CMakeFiles/4.3.3/CompilerIdCXX/CMakeCXXCompilerId.cpp,924
FMEA-1270,Report,State corruption in Report(),Incorrect system behaviour or safety-function failure originating in Report (class),8,4,5,160,high,src/iec61508/iec61508.hpp,29
FMEA-671,kick,Buffer overflow in kick(),Incorrect system behaviour or safety-function failure originating in kick (function),8,4,5,160,high,src/runtime/watchdog.hpp,37
FMEA-223,save,Buffer overflow in save(),Incorrect system behaviour or safety-function failure originating in save (function),8,4,5,160,high,src/metrics/metrics.hpp,30
FMEA-1651,from_findings,Buffer overflow in from_findings(),Incorrect system behaviour or safety-function failure originating in from_findings (function),8,4,5,160,high,src/badge/badge.hpp,21
FMEA-1534,MCDCCondition,State corruption in MCDCCondition(),Incorrect system behaviour or safety-function failure originating in MCDCCondition (class),8,4,5,160,high,src/coverage/coverage.hpp,28
FMEA-687,commit,Buffer overflow in commit(),Incorrect system behaviour or safety-function failure originating in commit (function),8,4,5,160,high,src/runtime/safe_state.hpp,25
FMEA-791,hash_artifacts,Buffer overflow in hash_artifacts(),Incorrect system behaviour or safety-function failure originating in hash_artifacts (function),8,4,5,160,high,src/release/release.hpp,70
FMEA-219,append,Buffer overflow in append(),Incorrect system behaviour or safety-function failure originating in append (function),8,4,5,160,high,src/metrics/metrics.hpp,29
FMEA-835,write_json,Buffer overflow in write_json(),Incorrect system behaviour or safety-function failure originating in write_json (function),8,4,5,160,high,src/comp/comp.cpp,142
FMEA-1086,ClassState,State corruption in ClassState(),Incorrect system behaviour or safety-function failure originating in ClassState (class),8,4,5,160,high,src/ast/ast.cpp,44
FMEA-983,write_json,Buffer overflow in write_json(),Incorrect system behaviour or safety-function failure originating in write_json (function),8,4,5,160,high,src/sas/sas.hpp,46
FMEA-1538,MCDCRecord,State corruption in MCDCRecord(),Incorrect system behaviour or safety-function failure originating in MCDCRecord (class),8,4,5,160,high,src/coverage/coverage.hpp,38
FMEA-214,TimeSeries,State corruption in TimeSeries(),Incorrect system behaviour or safety-function failure originating in TimeSeries (class),8,4,5,160,high,src/metrics/metrics.hpp,22
FMEA-675,monitor,Buffer overflow in monitor(),Incorrect system behaviour or safety-function failure originating in monitor (function),8,4,5,160,high,src/runtime/watchdog.hpp,61
FMEA-1047,write_json,Buffer overflow in write_json(),Incorrect system behaviour or safety-function failure originating in write_json (function),8,4,5,160,high,src/misra/misra.hpp,33
FMEA-210,Snapshot,State corruption in Snapshot(),Incorrect system behaviour or safety-function failure originating in Snapshot (class),8,4,5,160,high,src/metrics/metrics.hpp,11
FMEA-1051,render_text,Buffer overflow in render_text(),Incorrect system behaviour or safety-function failure originating in render_text (function),8,4,5,160,high,src/misra/misra.hpp,34
FMEA-999,write_json,Buffer overflow in write_json(),Incorrect system behaviour or safety-function failure originating in write_json (function),8,4,5,160,high,src/sas/sas.cpp,97
FMEA-1079,libclang_available,Buffer overflow in libclang_available(),Incorrect system behaviour or safety-function failure originating in libclang_available (function),8,4,5,160,high,src/ast/ast.cpp,18
FMEA-699,clear,Buffer overflow in clear(),Incorrect system behaviour or safety-function failure originating in clear (function),8,4,5,160,high,src/runtime/safe_state.hpp,48
FMEA-782,Artifact,State corruption in Artifact(),Incorrect system behaviour or safety-function failure originating in Artifact (class),8,4,5,160,high,src/release/release.hpp,44
FMEA-171,detect_status,Buffer overflow in detect_status(),Incorrect system behaviour or safety-function failure originating in detect_status (function),8,4,5,160,high,src/iso21434/iso21434.cpp,125
FMEA-23,wd,Buffer overflow in wd(),Incorrect system behaviour or safety-function failure originating in wd (function),8,4,5,160,high,tests/test_runtime.cpp,19
FMEA-1562,ImpactedReq,State corruption in ImpactedReq(),Incorrect system behaviour or safety-function failure originating in ImpactedReq (class),8,4,5,160,high,src/impact/impact.hpp,15
FMEA-826,FuncInfo,State corruption in FuncInfo(),Incorrect system behaviour or safety-function failure originating in FuncInfo (class),8,4,5,160,high,src/comp/comp.cpp,38
FMEA-167,is_required,Buffer overflow in is_required(),Incorrect system behaviour or safety-function failure originating in is_required (function),8,4,5,160,high,src/iso21434/iso21434.cpp,116
FMEA-27,wd,Buffer overflow in wd(),Incorrect system behaviour or safety-function failure originating in wd (function),8,4,5,160,high,tests/test_runtime.cpp,29
FMEA-1042,Report,State corruption in Report(),Incorrect system behaviour or safety-function failure originating in Report (class),8,4,5,160,high,src/misra/misra.hpp,22
FMEA-1207,save,Buffer overflow in save(),Incorrect system behaviour or safety-function failure originating in save (function),8,4,5,160,high,src/hara/hara.cpp,180
FMEA-1003,write_markdown,Buffer overflow in write_markdown(),Incorrect system behaviour or safety-function failure originating in write_markdown (function),8,4,5,160,high,src/sas/sas.cpp,102
FMEA-703,header,Buffer overflow in header(),Incorrect system behaviour or safety-function failure originating in header (function),8,4,5,160,high,src/template/template_gen.cpp,25
FMEA-707,header,Buffer overflow in header(),Incorrect system behaviour or safety-function failure originating in header (function),8,4,5,160,high,src/template/template_gen.cpp,38
FMEA-159,render_text,Buffer overflow in render_text(),Incorrect system behaviour or safety-function failure originating in render_text (function),8,4,5,160,high,src/iso21434/iso21434.hpp,45
FMEA-163,parse_cal,Buffer overflow in parse_cal(),Incorrect system behaviour or safety-function failure originating in parse_cal (function),8,4,5,160,high,src/iso21434/iso21434.cpp,17
FMEA-1639,render_text,Buffer overflow in render_text(),Incorrect system behaviour or safety-function failure originating in render_text (function),8,4,5,160,high,src/iso26262/iso26262.cpp,172
FMEA-1566,StaleArtifact,State corruption in StaleArtifact(),Incorrect system behaviour or safety-function failure originating in StaleArtifact (class),8,4,5,160,high,src/impact/impact.hpp,21
FMEA-1250,HARA,State corruption in HARA(),Incorrect system behaviour or safety-function failure originating in HARA (class),8,4,5,160,high,src/hara/hara.hpp,58
FMEA-995,to_json,Buffer overflow in to_json(),Incorrect system behaviour or safety-function failure originating in to_json (function),8,4,5,160,high,src/sas/sas.cpp,69
FMEA-1555,apply_mcdc,Buffer overflow in apply_mcdc(),Incorrect system behaviour or safety-function failure originating in apply_mcdc (function),8,4,5,160,high,src/coverage/coverage.hpp,84
FMEA-183,render_text,Buffer overflow in render_text(),Incorrect system behaviour or safety-function failure originating in render_text (function),8,4,5,160,high,src/iso21434/iso21434.cpp,205
FMEA-1175,render_text,Buffer overflow in render_text(),Incorrect system behaviour or safety-function failure originating in render_text (function),8,4,5,160,high,src/coupling/coupling.cpp,107
FMEA-1570,ImpactReport,State corruption in ImpactReport(),Incorrect system behaviour or safety-function failure originating in ImpactReport (class),8,4,5,160,high,src/impact/impact.hpp,27
FMEA-695,set,Buffer overflow in set(),Incorrect system behaviour or safety-function failure originating in set (function),8,4,5,160,high,src/runtime/safe_state.hpp,47
FMEA-798,ManifestEntry,State corruption in ManifestEntry(),Incorrect system behaviour or safety-function failure originating in ManifestEntry (class),8,4,5,160,high,src/auditpack/auditpack.hpp,13
FMEA-823,count_complexity,Buffer overflow in count_complexity(),Incorrect system behaviour or safety-function failure originating in count_complexity (function),8,4,5,160,high,src/comp/comp.cpp,20
FMEA-179,write_json,Buffer overflow in write_json(),Incorrect system behaviour or safety-function failure originating in write_json (function),8,4,5,160,high,src/iso21434/iso21434.cpp,175
FMEA-1259,render_text,Buffer overflow in render_text(),Incorrect system behaviour or safety-function failure originating in render_text (function),8,4,5,160,high,src/hara/hara.hpp,92
FMEA-690,SafeStateFlag,State corruption in SafeStateFlag(),Incorrect system behaviour or safety-function failure originating in SafeStateFlag (class),8,4,5,160,high,src/runtime/safe_state.hpp,45
FMEA-155,write_json,Buffer overflow in write_json(),Incorrect system behaviour or safety-function failure originating in write_json (function),8,4,5,160,high,src/iso21434/iso21434.hpp,44
FMEA-1558,ChangedFile,State corruption in ChangedFile(),Incorrect system behaviour or safety-function failure originating in ChangedFile (class),8,4,5,160,high,src/impact/impact.hpp,9
FMEA-187,load,Buffer overflow in load(),Incorrect system behaviour or safety-function failure originating in load (function),8,4,5,160,high,src/metrics/metrics.cpp,26
FMEA-175,assess,Buffer overflow in assess(),Incorrect system behaviour or safety-function failure originating in assess (function),8,4,5,160,high,src/iso21434/iso21434.cpp,155
FMEA-1254,Completeness,State corruption in Completeness(),Incorrect system behaviour or safety-function failure originating in Completeness (class),8,4,5,160,high,src/hara/hara.hpp,69
FMEA-1192,load,Race condition in load(),Incorrect system behaviour or safety-function failure originating in load (function),7,3,6,126,medium,src/hara/hara.cpp,64
FMEA-520,sha256_transform,Race condition in sha256_transform(),Incorrect system behaviour or safety-function failure originating in sha256_transform (function),7,3,6,126,medium,src/quality/quality.cpp,47
FMEA-1352,make_fusa004,Race condition in make_fusa004(),Incorrect system behaviour or safety-function failure originating in make_fusa004 (function),7,3,6,126,medium,src/engine/rules.hpp,15
FMEA-792,hash_artifacts,Race condition in hash_artifacts(),Incorrect system behaviour or safety-function failure originating in hash_artifacts (function),7,3,6,126,medium,src/release/release.hpp,70
FMEA-1344,make_fusa002,Race condition in make_fusa002(),Incorrect system behaviour or safety-function failure originating in make_fusa002 (function),7,3,6,126,medium,src/engine/rules.hpp,11
FMEA-536,contains_ci,Race condition in contains_ci(),Incorrect system behaviour or safety-function failure originating in contains_ci (function),7,3,6,126,medium,src/quality/quality.cpp,112
FMEA-764,hash_artifacts,Race condition in hash_artifacts(),Incorrect system behaviour or safety-function failure originating in hash_artifacts (function),7,3,6,126,medium,src/release/release.cpp,250
FMEA-1196,content_json,Race condition in content_json(),Incorrect system behaviour or safety-function failure originating in content_json (function),7,3,6,126,medium,src/hara/hara.cpp,119
FMEA-1432,make_fusa004,Race condition in make_fusa004(),Incorrect system behaviour or safety-function failure originating in make_fusa004 (function),7,3,6,126,medium,src/engine/rules.cpp,95
FMEA-768,parse_spdx_version,Race condition in parse_spdx_version(),Incorrect system behaviour or safety-function failure originating in parse_spdx_version (function),7,3,6,126,medium,src/release/release.hpp,17
FMEA-1356,make_fusa005,Race condition in make_fusa005(),Incorrect system behaviour or safety-function failure originating in make_fusa005 (function),7,3,6,126,medium,src/engine/rules.hpp,17
FMEA-1204,init,Race condition in init(),Incorrect system behaviour or safety-function failure originating in init (function),7,3,6,126,medium,src/hara/hara.cpp,168
FMEA-524,sha256_init,Race condition in sha256_init(),Incorrect system behaviour or safety-function failure originating in sha256_init (function),7,3,6,126,medium,src/quality/quality.cpp,62
FMEA-544,sha256_prefixed,Race condition in sha256_prefixed(),Incorrect system behaviour or safety-function failure originating in sha256_prefixed (function),7,3,6,126,medium,src/quality/quality.cpp,204
FMEA-796,write_sbom,Race condition in write_sbom(),Incorrect system behaviour or safety-function failure originating in write_sbom (function),7,3,6,126,medium,src/release/release.hpp,73
FMEA-528,sha256_update,Race condition in sha256_update(),Incorrect system behaviour or safety-function failure originating in sha256_update (function),7,3,6,126,medium,src/quality/quality.cpp,70
FMEA-540,write_canonical,Race condition in write_canonical(),Incorrect system behaviour or safety-function failure originating in write_canonical (function),7,3,6,126,medium,src/quality/quality.cpp,144
FMEA-1216,compute_completeness,Race condition in compute_completeness(),Incorrect system behaviour or safety-function failure originating in compute_completeness (function),7,3,6,126,medium,src/hara/hara.cpp,215
FMEA-884,parse_level,Race condition in parse_level(),Incorrect system behaviour or safety-function failure originating in parse_level (function),7,3,6,126,medium,src/slsa/slsa.hpp,12
FMEA-1348,make_fusa003,Race condition in make_fusa003(),Incorrect system behaviour or safety-function failure originating in make_fusa003 (function),7,3,6,126,medium,src/engine/rules.hpp,13
FMEA-1212,render_text,Race condition in render_text(),Incorrect system behaviour or safety-function failure originating in render_text (function),7,3,6,126,medium,src/hara/hara.cpp,183
FMEA-1360,make_coup003,Race condition in make_coup003(),Incorrect system behaviour or safety-function failure originating in make_coup003 (function),7,3,6,126,medium,src/engine/rules.hpp,20
FMEA-1200,save,Race condition in save(),Incorrect system behaviour or safety-function failure originating in save (function),7,3,6,126,medium,src/hara/hara.cpp,158
FMEA-532,sha256_final,Race condition in sha256_final(),Incorrect system behaviour or safety-function failure originating in sha256_final (function),7,3,6,126,medium,src/quality/quality.cpp,81
FMEA-1208,save,Race condition in save(),Incorrect system behaviour or safety-function failure originating in save (function),7,3,6,126,medium,src/hara/hara.cpp,180
FMEA-548,sha256_prefixed,Race condition in sha256_prefixed(),Incorrect system behaviour or safety-function failure originating in sha256_prefixed (function),7,3,6,126,medium,src/quality/quality.cpp,238
FMEA-880,render_text,Race condition in render_text(),Incorrect system behaviour or safety-function failure originating in render_text (function),7,3,6,126,medium,src/slsa/slsa.cpp,131
FMEA-700,clear,Race condition in clear(),Incorrect system behaviour or safety-function failure originating in clear (function),7,3,6,126,medium,src/runtime/safe_state.hpp,48
FMEA-688,commit,Race condition in commit(),Incorrect system behaviour or safety-function failure originating in commit (function),7,3,6,126,medium,src/runtime/safe_state.hpp,25
FMEA-1260,render_text,Race condition in render_text(),Incorrect system behaviour or safety-function failure originating in render_text (function),7,3,6,126,medium,src/hara/hara.hpp,92
FMEA-1164,render_text,Race condition in render_text(),Incorrect system behaviour or safety-function failure originating in render_text (function),7,3,6,126,medium,src/coupling/coupling.hpp,34
FMEA-636,write_json,Race condition in write_json(),Incorrect system behaviour or safety-function failure originating in write_json (function),7,3,6,126,medium,src/sci/sci.hpp,41
FMEA-1176,render_text,Race condition in render_text(),Incorrect system behaviour or safety-function failure originating in render_text (function),7,3,6,126,medium,src/coupling/coupling.cpp,107
FMEA-1292,detect_status,Race condition in detect_status(),Incorrect system behaviour or safety-function failure originating in detect_status (function),7,3,6,126,medium,src/iec61508/iec61508.cpp,68
FMEA-696,set,Race condition in set(),Incorrect system behaviour or safety-function failure originating in set (function),7,3,6,126,medium,src/runtime/safe_state.hpp,47
FMEA-1296,assess,Race condition in assess(),Incorrect system behaviour or safety-function failure originating in assess (function),7,3,6,126,medium,src/iec61508/iec61508.cpp,98
FMEA-1288,is_required,Race condition in is_required(),Incorrect system behaviour or safety-function failure originating in is_required (function),7,3,6,126,medium,src/iec61508/iec61508.cpp,59
FMEA-852,write_json,Race condition in write_json(),Incorrect system behaviour or safety-function failure originating in write_json (function),7,3,6,126,medium,src/comp/comp.hpp,40
FMEA-624,write_dot,Race condition in write_dot(),Incorrect system behaviour or safety-function failure originating in write_dot (function),7,3,6,126,medium,src/boundary/boundary.cpp,122
FMEA-704,header,Race condition in header(),Incorrect system behaviour or safety-function failure originating in header (function),7,3,6,126,medium,src/template/template_gen.cpp,25
FMEA-824,count_complexity,Race condition in count_complexity(),Incorrect system behaviour or safety-function failure originating in count_complexity (function),7,3,6,126,medium,src/comp/comp.cpp,20
FMEA-1300,write_json,Race condition in write_json(),Incorrect system behaviour or safety-function failure originating in write_json (function),7,3,6,126,medium,src/iec61508/iec61508.cpp,123
FMEA-620,write_mermaid,Race condition in write_mermaid(),Incorrect system behaviour or safety-function failure originating in write_mermaid (function),7,3,6,126,medium,src/boundary/boundary.cpp,105
FMEA-708,header,Race condition in header(),Incorrect system behaviour or safety-function failure originating in header (function),7,3,6,126,medium,src/template/template_gen.cpp,38
FMEA-1160,write_json,Race condition in write_json(),Incorrect system behaviour or safety-function failure originating in write_json (function),7,3,6,126,medium,src/coupling/coupling.hpp,33
FMEA-1172,write_json,Race condition in write_json(),Incorrect system behaviour or safety-function failure originating in write_json (function),7,3,6,126,medium,src/coupling/coupling.cpp,91
FMEA-840,render_text,Race condition in render_text(),Incorrect system behaviour or safety-function failure originating in render_text (function),7,3,6,126,medium,src/comp/comp.cpp,166
FMEA-664,monitor,Race condition in monitor(),Incorrect system behaviour or safety-function failure originating in monitor (function),7,3,6,126,medium,src/runtime/heartbeat.hpp,56
FMEA-672,kick,Race condition in kick(),Incorrect system behaviour or safety-function failure originating in kick (function),7,3,6,126,medium,src/runtime/watchdog.hpp,37
FMEA-1276,write_json,Race condition in write_json(),Incorrect system behaviour or safety-function failure originating in write_json (function),7,3,6,126,medium,src/iec61508/iec61508.hpp,42
FMEA-836,write_json,Race condition in write_json(),Incorrect system behaviour or safety-function failure originating in write_json (function),7,3,6,126,medium,src/comp/comp.cpp,142
FMEA-660,beat,Race condition in beat(),Incorrect system behaviour or safety-function failure originating in beat (function),7,3,6,126,medium,src/runtime/heartbeat.hpp,36
FMEA-1280,render_text,Race condition in render_text(),Incorrect system behaviour or safety-function failure originating in render_text (function),7,3,6,126,medium,src/iec61508/iec61508.hpp,43
FMEA-676,monitor,Race condition in monitor(),Incorrect system behaviour or safety-function failure originating in monitor (function),7,3,6,126,medium,src/runtime/watchdog.hpp,61
FMEA-616,scan,Race condition in scan(),Incorrect system behaviour or safety-function failure originating in scan (function),7,3,6,126,medium,src/boundary/boundary.cpp,13
FMEA-1168,analyse,Race condition in analyse(),Incorrect system behaviour or safety-function failure originating in analyse (function),7,3,6,126,medium,src/coupling/coupling.cpp,28
FMEA-652,write_json,Race condition in write_json(),Incorrect system behaviour or safety-function failure originating in write_json (function),7,3,6,126,medium,src/sci/sci.cpp,103
FMEA-1264,parse_sil,Race condition in parse_sil(),Incorrect system behaviour or safety-function failure originating in parse_sil (function),7,3,6,126,medium,src/iec61508/iec61508.hpp,12
FMEA-648,to_json,Race condition in to_json(),Incorrect system behaviour or safety-function failure originating in to_json (function),7,3,6,126,medium,src/sci/sci.cpp,77
FMEA-1284,parse_sil,Race condition in parse_sil(),Incorrect system behaviour or safety-function failure originating in parse_sil (function),7,3,6,126,medium,src/iec61508/iec61508.cpp,15
FMEA-644,build,Race condition in build(),Incorrect system behaviour or safety-function failure originating in build (function),7,3,6,126,medium,src/sci/sci.cpp,50
FMEA-684,SafeStateGuard,Race condition in SafeStateGuard(),Incorrect system behaviour or safety-function failure originating in SafeStateGuard (function),7,3,6,126,medium,src/runtime/safe_state.hpp,20
FMEA-832,analyse,Race condition in analyse(),Incorrect system behaviour or safety-function failure originating in analyse (function),7,3,6,126,medium,src/comp/comp.cpp,104
FMEA-1224,parse_severity,Race condition in parse_severity(),Incorrect system behaviour or safety-function failure originating in parse_severity (function),7,3,6,126,medium,src/hara/hara.hpp,20
FMEA-1232,parse_controllability,Race condition in parse_controllability(),Incorrect system behaviour or safety-function failure originating in parse_controllability (function),7,3,6,126,medium,src/hara/hara.hpp,22
FMEA-868,is_required,Race condition in is_required(),Incorrect system behaviour or safety-function failure originating in is_required (function),7,3,6,126,medium,src/slsa/slsa.cpp,73
FMEA-744,compare,Race condition in compare(),Incorrect system behaviour or safety-function failure originating in compare (function),7,3,6,126,medium,src/diff/diff.hpp,34
FMEA-1188,parse_controllability,Race condition in parse_controllability(),Incorrect system behaviour or safety-function failure originating in parse_controllability (function),7,3,6,126,medium,src/hara/hara.cpp,56
FMEA-872,assess,Race condition in assess(),Incorrect system behaviour or safety-function failure originating in assess (function),7,3,6,126,medium,src/slsa/slsa.cpp,85
FMEA-1228,parse_exposure,Race condition in parse_exposure(),Incorrect system behaviour or safety-function failure originating in parse_exposure (function),7,3,6,126,medium,src/hara/hara.hpp,21
FMEA-748,compare,Race condition in compare(),Incorrect system behaviour or safety-function failure originating in compare (function),7,3,6,126,medium,src/diff/diff.cpp,51
FMEA-568,finding,Race condition in finding(),Incorrect system behaviour or safety-function failure originating in finding (function),7,3,6,126,medium,src/quality/quality.cpp,322
FMEA-812,run_cmd,Race condition in run_cmd(),Incorrect system behaviour or safety-function failure originating in run_cmd (function),7,3,6,126,medium,src/auditpack/auditpack.cpp,80
FMEA-756,parse_spdx_version,Race condition in parse_spdx_version(),Incorrect system behaviour or safety-function failure originating in parse_spdx_version (function),7,3,6,126,medium,src/release/release.cpp,145
FMEA-876,write_json,Race condition in write_json(),Incorrect system behaviour or safety-function failure originating in write_json (function),7,3,6,126,medium,src/slsa/slsa.cpp,107
FMEA-564,finding,Race condition in finding(),Incorrect system behaviour or safety-function failure originating in finding (function),7,3,6,126,medium,src/quality/quality.cpp,293
FMEA-560,is_valid_reviewed,Race condition in is_valid_reviewed(),Incorrect system behaviour or safety-function failure originating in is_valid_reviewed (function),7,3,6,126,medium,src/quality/quality.cpp,268
FMEA-760,write_sbom,Race condition in write_sbom(),Incorrect system behaviour or safety-function failure originating in write_sbom (function),7,3,6,126,medium,src/release/release.cpp,152
FMEA-1340,make_fusa001,Race condition in make_fusa001(),Incorrect system behaviour or safety-function failure originating in make_fusa001 (function),7,3,6,126,medium,src/engine/rules.hpp,9
FMEA-556,to_json,Race condition in to_json(),Incorrect system behaviour or safety-function failure originating in to_json (function),7,3,6,126,medium,src/quality/quality.cpp,256
FMEA-1220,to_report_json,Race condition in to_report_json(),Incorrect system behaviour or safety-function failure originating in to_report_json (function),7,3,6,126,medium,src/hara/hara.cpp,264
FMEA-720,header,Race condition in header(),Incorrect system behaviour or safety-function failure originating in header (function),7,3,6,126,medium,src/template/template_gen.cpp,81
FMEA-1304,render_text,Race condition in render_text(),Incorrect system behaviour or safety-function failure originating in render_text (function),7,3,6,126,medium,src/iec61508/iec61508.cpp,142
FMEA-612,write_dot,Race condition in write_dot(),Incorrect system behaviour or safety-function failure originating in write_dot (function),7,3,6,126,medium,src/boundary/boundary.hpp,31
FMEA-712,header,Race condition in header(),Incorrect system behaviour or safety-function failure originating in header (function),7,3,6,126,medium,src/template/template_gen.cpp,56
FMEA-1180,parse_severity,Race condition in parse_severity(),Incorrect system behaviour or safety-function failure originating in parse_severity (function),7,3,6,126,medium,src/hara/hara.cpp,43
FMEA-856,render_text,Race condition in render_text(),Incorrect system behaviour or safety-function failure originating in render_text (function),7,3,6,126,medium,src/comp/comp.hpp,41
FMEA-608,write_mermaid,Race condition in write_mermaid(),Incorrect system behaviour or safety-function failure originating in write_mermaid (function),7,3,6,126,medium,src/boundary/boundary.hpp,30
FMEA-716,header,Race condition in header(),Incorrect system behaviour or safety-function failure originating in header (function),7,3,6,126,medium,src/template/template_gen.cpp,68
FMEA-1308,feasibility_rank,Race condition in feasibility_rank(),Incorrect system behaviour or safety-function failure originating in feasibility_rank (function),7,3,6,126,medium,src/tara/tara.cpp,26
FMEA-552,parse,Race condition in parse(),Incorrect system behaviour or safety-function failure originating in parse (function),7,3,6,126,medium,src/quality/quality.cpp,241
FMEA-1312,impact_rank,Race condition in impact_rank(),Incorrect system behaviour or safety-function failure originating in impact_rank (function),7,3,6,126,medium,src/tara/tara.cpp,33
FMEA-724,header,Race condition in header(),Incorrect system behaviour or safety-function failure originating in header (function),7,3,6,126,medium,src/template/template_gen.cpp,89
FMEA-860,parse_level,Race condition in parse_level(),Incorrect system behaviour or safety-function failure originating in parse_level (function),7,3,6,126,medium,src/slsa/slsa.cpp,16
FMEA-1184,parse_exposure,Race condition in parse_exposure(),Incorrect system behaviour or safety-function failure originating in parse_exposure (function),7,3,6,126,medium,src/hara/hara.cpp,49
FMEA-728,write_file,Race condition in write_file(),Incorrect system behaviour or safety-function failure originating in write_file (function),7,3,6,126,medium,src/template/template_gen.cpp,98
FMEA-732,gen_one,Race condition in gen_one(),Incorrect system behaviour or safety-function failure originating in gen_one (function),7,3,6,126,medium,src/template/template_gen.cpp,151
FMEA-1320,to_json,Race condition in to_json(),Incorrect system behaviour or safety-function failure originating in to_json (function),7,3,6,126,medium,src/tara/tara.cpp,216
FMEA-864,detect_status,Race condition in detect_status(),Incorrect system behaviour or safety-function failure originating in detect_status (function),7,3,6,126,medium,src/slsa/slsa.cpp,57
FMEA-184,render_text,Race condition in render_text(),Incorrect system behaviour or safety-function failure originating in render_text (function),7,3,6,126,medium,src/iso21434/iso21434.cpp,205
FMEA-224,save,Race condition in save(),Incorrect system behaviour or safety-function failure originating in save (function),7,3,6,126,medium,src/metrics/metrics.hpp,30
FMEA-220,append,Race condition in append(),Incorrect system behaviour or safety-function failure originating in append (function),7,3,6,126,medium,src/metrics/metrics.hpp,29
FMEA-984,write_json,Race condition in write_json(),Incorrect system behaviour or safety-function failure originating in write_json (function),7,3,6,126,medium,src/sas/sas.hpp,46
FMEA-208,render_json,Race condition in render_json(),Incorrect system behaviour or safety-function failure originating in render_json (function),7,3,6,126,medium,src/metrics/metrics.cpp,160
FMEA-988,write_markdown,Race condition in write_markdown(),Incorrect system behaviour or safety-function failure originating in write_markdown (function),7,3,6,126,medium,src/sas/sas.hpp,47
FMEA-204,render_text,Race condition in render_text(),Incorrect system behaviour or safety-function failure originating in render_text (function),7,3,6,126,medium,src/metrics/metrics.cpp,128
FMEA-200,save,Race condition in save(),Incorrect system behaviour or safety-function failure originating in save (function),7,3,6,126,medium,src/metrics/metrics.cpp,108
FMEA-1548,write_json,Race condition in write_json(),Incorrect system behaviour or safety-function failure originating in write_json (function),7,3,6,126,medium,src/coverage/coverage.hpp,79
FMEA-196,append,Race condition in append(),Incorrect system behaviour or safety-function failure originating in append (function),7,3,6,126,medium,src/metrics/metrics.cpp,103
FMEA-992,build,Race condition in build(),Incorrect system behaviour or safety-function failure originating in build (function),7,3,6,126,medium,src/sas/sas.cpp,51
FMEA-192,collect,Race condition in collect(),Incorrect system behaviour or safety-function failure originating in collect (function),7,3,6,126,medium,src/metrics/metrics.cpp,52
FMEA-1552,render_text,Race condition in render_text(),Incorrect system behaviour or safety-function failure originating in render_text (function),7,3,6,126,medium,src/coverage/coverage.hpp,80
FMEA-188,load,Race condition in load(),Incorrect system behaviour or safety-function failure originating in load (function),7,3,6,126,medium,src/metrics/metrics.cpp,26
FMEA-1080,libclang_available,Race condition in libclang_available(),Incorrect system behaviour or safety-function failure originating in libclang_available (function),7,3,6,126,medium,src/ast/ast.cpp,18
FMEA-228,render_text,Race condition in render_text(),Incorrect system behaviour or safety-function failure originating in render_text (function),7,3,6,126,medium,src/metrics/metrics.hpp,31
FMEA-1556,apply_mcdc,Race condition in apply_mcdc(),Incorrect system behaviour or safety-function failure originating in apply_mcdc (function),7,3,6,126,medium,src/coverage/coverage.hpp,84
FMEA-180,write_json,Race condition in write_json(),Incorrect system behaviour or safety-function failure originating in write_json (function),7,3,6,126,medium,src/iso21434/iso21434.cpp,175
FMEA-176,assess,Race condition in assess(),Incorrect system behaviour or safety-function failure originating in assess (function),7,3,6,126,medium,src/iso21434/iso21434.cpp,155
FMEA-996,to_json,Race condition in to_json(),Incorrect system behaviour or safety-function failure originating in to_json (function),7,3,6,126,medium,src/sas/sas.cpp,69
FMEA-172,detect_status,Race condition in detect_status(),Incorrect system behaviour or safety-function failure originating in detect_status (function),7,3,6,126,medium,src/iso21434/iso21434.cpp,125
FMEA-168,is_required,Race condition in is_required(),Incorrect system behaviour or safety-function failure originating in is_required (function),7,3,6,126,medium,src/iso21434/iso21434.cpp,116
FMEA-1000,write_json,Race condition in write_json(),Incorrect system behaviour or safety-function failure originating in write_json (function),7,3,6,126,medium,src/sas/sas.cpp,97
FMEA-164,parse_cal,Race condition in parse_cal(),Incorrect system behaviour or safety-function failure originating in parse_cal (function),7,3,6,126,medium,src/iso21434/iso21434.cpp,17
FMEA-160,render_text,Race condition in render_text(),Incorrect system behaviour or safety-function failure originating in render_text (function),7,3,6,126,medium,src/iso21434/iso21434.hpp,45
FMEA-156,write_json,Race condition in write_json(),Incorrect system behaviour or safety-function failure originating in write_json (function),7,3,6,126,medium,src/iso21434/iso21434.hpp,44
FMEA-1004,write_markdown,Race condition in write_markdown(),Incorrect system behaviour or safety-function failure originating in write_markdown (function),7,3,6,126,medium,src/sas/sas.cpp,102
FMEA-1008,show,Race condition in show(),Incorrect system behaviour or safety-function failure originating in show (function),7,3,6,126,medium,src/fix/fix.cpp,105
FMEA-1576,render_text,Race condition in render_text(),Incorrect system behaviour or safety-function failure originating in render_text (function),7,3,6,126,medium,src/impact/impact.hpp,39
FMEA-264,version_less,Race condition in version_less(),Incorrect system behaviour or safety-function failure originating in version_less (function),7,3,6,126,medium,src/vuln/vuln.cpp,48
FMEA-300,render_text,Race condition in render_text(),Incorrect system behaviour or safety-function failure originating in render_text (function),7,3,6,126,medium,src/vuln/vuln.hpp,36
FMEA-1492,write,Race condition in write(),Incorrect system behaviour or safety-function failure originating in write (function),7,3,6,126,medium,src/testutil/testutil.hpp,32
FMEA-296,write_json,Race condition in write_json(),Incorrect system behaviour or safety-function failure originating in write_json (function),7,3,6,126,medium,src/vuln/vuln.hpp,35
FMEA-1104,tu_visitor,Race condition in tu_visitor(),Incorrect system behaviour or safety-function failure originating in tu_visitor (function),7,3,6,126,medium,src/ast/ast.cpp,82
FMEA-1496,main,Race condition in main(),Incorrect system behaviour or safety-function failure originating in main (function),7,3,6,126,medium,src/main.cpp,3
FMEA-1500,parse_dal,Race condition in parse_dal(),Incorrect system behaviour or safety-function failure originating in parse_dal (function),7,3,6,126,medium,src/coverage/coverage.cpp,15
FMEA-1100,shadow_visitor,Race condition in shadow_visitor(),Incorrect system behaviour or safety-function failure originating in shadow_visitor (function),7,3,6,126,medium,src/ast/ast.cpp,74
FMEA-280,render_text,Race condition in render_text(),Incorrect system behaviour or safety-function failure originating in render_text (function),7,3,6,126,medium,src/vuln/vuln.cpp,126
FMEA-1504,line_threshold,Race condition in line_threshold(),Incorrect system behaviour or safety-function failure originating in line_threshold (function),7,3,6,126,medium,src/coverage/coverage.cpp,32
FMEA-276,write_json,Race condition in write_json(),Incorrect system behaviour or safety-function failure originating in write_json (function),7,3,6,126,medium,src/vuln/vuln.cpp,106
FMEA-272,scan,Race condition in scan(),Incorrect system behaviour or safety-function failure originating in scan (function),7,3,6,126,medium,src/vuln/vuln.cpp,83
FMEA-1508,branch_threshold,Race condition in branch_threshold(),Incorrect system behaviour or safety-function failure originating in branch_threshold (function),7,3,6,126,medium,src/coverage/coverage.cpp,40
FMEA-268,parse_ver,Race condition in parse_ver(),Incorrect system behaviour or safety-function failure originating in parse_ver (function),7,3,6,126,medium,src/vuln/vuln.cpp,54
FMEA-144,parse_cal,Race condition in parse_cal(),Incorrect system behaviour or safety-function failure originating in parse_cal (function),7,3,6,126,medium,src/iso21434/iso21434.hpp,12
FMEA-1512,build_from_lcov,Race condition in build_from_lcov(),Incorrect system behaviour or safety-function failure originating in build_from_lcov (function),7,3,6,126,medium,src/coverage/coverage.cpp,59
FMEA-1516,write_json,Race condition in write_json(),Incorrect system behaviour or safety-function failure originating in write_json (function),7,3,6,126,medium,src/coverage/coverage.cpp,118
FMEA-1364,make_hara005,Race condition in make_hara005(),Incorrect system behaviour or safety-function failure originating in make_hara005 (function),7,3,6,126,medium,src/engine/rules.hpp,22
FMEA-252,apply_quality_gate,Race condition in apply_quality_gate(),Incorrect system behaviour or safety-function failure originating in apply_quality_gate (function),7,3,6,126,medium,src/cmd/cli.cpp,124
FMEA-1520,render_text,Race condition in render_text(),Incorrect system behaviour or safety-function failure originating in render_text (function),7,3,6,126,medium,src/coverage/coverage.cpp,179
FMEA-248,print_err,Race condition in print_err(),Incorrect system behaviour or safety-function failure originating in print_err (function),7,3,6,126,medium,src/cmd/cli.cpp,79
FMEA-244,print_ok,Race condition in print_ok(),Incorrect system behaviour or safety-function failure originating in print_ok (function),7,3,6,126,medium,src/cmd/cli.cpp,78
FMEA-1524,apply_mcdc,Race condition in apply_mcdc(),Incorrect system behaviour or safety-function failure originating in apply_mcdc (function),7,3,6,126,medium,src/coverage/coverage.cpp,207
FMEA-240,value_of,Race condition in value_of(),Incorrect system behaviour or safety-function failure originating in value_of (function),7,3,6,126,medium,src/cmd/cli.cpp,75
FMEA-1092,class_member_visitor,Race condition in class_member_visitor(),Incorrect system behaviour or safety-function failure originating in class_member_visitor (function),7,3,6,126,medium,src/ast/ast.cpp,52
FMEA-236,run,Race condition in run(),Incorrect system behaviour or safety-function failure originating in run (function),7,3,6,126,medium,src/cmd/cli.hpp,8
FMEA-1528,parse_dal,Race condition in parse_dal(),Incorrect system behaviour or safety-function failure originating in parse_dal (function),7,3,6,126,medium,src/coverage/coverage.hpp,13
FMEA-232,render_json,Race condition in render_json(),Incorrect system behaviour or safety-function failure originating in render_json (function),7,3,6,126,medium,src/metrics/metrics.hpp,32
FMEA-36,g,Race condition in g(),Incorrect system behaviour or safety-function failure originating in g (function),7,3,6,126,medium,tests/test_runtime.cpp,57
FMEA-1616,render_text,Race condition in render_text(),Incorrect system behaviour or safety-function failure originating in render_text (function),7,3,6,126,medium,src/iso26262/iso26262.hpp,44
FMEA-68,render_entries,Race condition in render_entries(),Incorrect system behaviour or safety-function failure originating in render_entries (function),7,3,6,126,medium,src/disposition/disposition.hpp,31
FMEA-1032,write_json,Race condition in write_json(),Incorrect system behaviour or safety-function failure originating in write_json (function),7,3,6,126,medium,src/misra/misra.cpp,92
FMEA-64,add,Race condition in add(),Incorrect system behaviour or safety-function failure originating in add (function),7,3,6,126,medium,src/disposition/disposition.hpp,30
FMEA-1620,parse_asil,Race condition in parse_asil(),Incorrect system behaviour or safety-function failure originating in parse_asil (function),7,3,6,126,medium,src/iso26262/iso26262.cpp,15
FMEA-1624,is_required,Race condition in is_required(),Incorrect system behaviour or safety-function failure originating in is_required (function),7,3,6,126,medium,src/iso26262/iso26262.cpp,62
FMEA-1036,render_text,Race condition in render_text(),Incorrect system behaviour or safety-function failure originating in render_text (function),7,3,6,126,medium,src/misra/misra.cpp,111
FMEA-52,parse_action,Race condition in parse_action(),Incorrect system behaviour or safety-function failure originating in parse_action (function),7,3,6,126,medium,src/disposition/disposition.hpp,13
FMEA-1628,detect_status,Race condition in detect_status(),Incorrect system behaviour or safety-function failure originating in detect_status (function),7,3,6,126,medium,src/iso26262/iso26262.cpp,72
FMEA-48,main,Race condition in main(),Incorrect system behaviour or safety-function failure originating in main (function),7,3,6,126,medium,build-audit/CMakeFiles/4.3.3/CompilerIdCXX/CMakeCXXCompilerId.cpp,924
FMEA-44,hb,Race condition in hb(),Incorrect system behaviour or safety-function failure originating in hb (function),7,3,6,126,medium,tests/test_runtime.cpp,89
FMEA-1632,assess,Race condition in assess(),Incorrect system behaviour or safety-function failure originating in assess (function),7,3,6,126,medium,src/iso26262/iso26262.cpp,127
FMEA-40,hb,Race condition in hb(),Incorrect system behaviour or safety-function failure originating in hb (function),7,3,6,126,medium,tests/test_runtime.cpp,77
FMEA-1056,is_excluded,Race condition in is_excluded(),Incorrect system behaviour or safety-function failure originating in is_excluded (function),7,3,6,126,medium,src/fmea/fmea.cpp,30
FMEA-72,find_by_rule,Race condition in find_by_rule(),Incorrect system behaviour or safety-function failure originating in find_by_rule (function),7,3,6,126,medium,src/disposition/disposition.hpp,32
FMEA-1636,write_json,Race condition in write_json(),Incorrect system behaviour or safety-function failure originating in write_json (function),7,3,6,126,medium,src/iso26262/iso26262.cpp,152
FMEA-32,g,Race condition in g(),Incorrect system behaviour or safety-function failure originating in g (function),7,3,6,126,medium,tests/test_runtime.cpp,48
FMEA-28,wd,Race condition in wd(),Incorrect system behaviour or safety-function failure originating in wd (function),7,3,6,126,medium,tests/test_runtime.cpp,29
FMEA-1640,render_text,Race condition in render_text(),Incorrect system behaviour or safety-function failure originating in render_text (function),7,3,6,126,medium,src/iso26262/iso26262.cpp,172
FMEA-24,wd,Race condition in wd(),Incorrect system behaviour or safety-function failure originating in wd (function),7,3,6,126,medium,tests/test_runtime.cpp,19
FMEA-20,REQUIRE_FALSE,Race condition in REQUIRE_FALSE(),Incorrect system behaviour or safety-function failure originating in REQUIRE_FALSE (function),7,3,6,126,medium,tests/test_verify.cpp,149
FMEA-1644,from_findings,Race condition in from_findings(),Incorrect system behaviour or safety-function failure originating in from_findings (function),7,3,6,126,medium,src/badge/badge.cpp,8
FMEA-16,REQUIRE_FALSE,Race condition in REQUIRE_FALSE(),Incorrect system behaviour or safety-function failure originating in REQUIRE_FALSE (function),7,3,6,126,medium,tests/test_verify.cpp,121
FMEA-1052,render_text,Race condition in render_text(),Incorrect system behaviour or safety-function failure originating in render_text (function),7,3,6,126,medium,src/misra/misra.hpp,34
FMEA-12,make_finding,Race condition in make_finding(),Incorrect system behaviour or safety-function failure originating in make_finding (function),7,3,6,126,medium,tests/test_report.cpp,30
FMEA-1048,write_json,Race condition in write_json(),Incorrect system behaviour or safety-function failure originating in write_json (function),7,3,6,126,medium,src/misra/misra.hpp,33
FMEA-4,main,Race condition in main(),Incorrect system behaviour or safety-function failure originating in main (function),7,3,6,126,medium,build-test/CMakeFiles/4.3.3/CompilerIdCXX/CMakeCXXCompilerId.cpp,924
FMEA-1652,from_findings,Race condition in from_findings(),Incorrect system behaviour or safety-function failure originating in from_findings (function),7,3,6,126,medium,src/badge/badge.hpp,21
FMEA-1020,show,Race condition in show(),Incorrect system behaviour or safety-function failure originating in show (function),7,3,6,126,medium,src/fix/fix.hpp,19
FMEA-140,render_text,Race condition in render_text(),Incorrect system behaviour or safety-function failure originating in render_text (function),7,3,6,126,medium,src/iec62443/iec62443.hpp,44
FMEA-1580,render_json,Race condition in render_json(),Incorrect system behaviour or safety-function failure originating in render_json (function),7,3,6,126,medium,src/impact/impact.hpp,40
FMEA-136,write_json,Race condition in write_json(),Incorrect system behaviour or safety-function failure originating in write_json (function),7,3,6,126,medium,src/iec62443/iec62443.hpp,43
FMEA-1012,list_all,Race condition in list_all(),Incorrect system behaviour or safety-function failure originating in list_all (function),7,3,6,126,medium,src/fix/fix.cpp,120
FMEA-1584,is_safe_git_ref,Race condition in is_safe_git_ref(),Incorrect system behaviour or safety-function failure originating in is_safe_git_ref (function),7,3,6,126,medium,src/impact/impact.cpp,33
FMEA-1588,analyse,Race condition in analyse(),Incorrect system behaviour or safety-function failure originating in analyse (function),7,3,6,126,medium,src/impact/impact.cpp,81
FMEA-124,parse_sl,Race condition in parse_sl(),Incorrect system behaviour or safety-function failure originating in parse_sl (function),7,3,6,126,medium,src/iec62443/iec62443.hpp,12
FMEA-120,render_text,Race condition in render_text(),Incorrect system behaviour or safety-function failure originating in render_text (function),7,3,6,126,medium,src/iec62443/iec62443.cpp,169
FMEA-1592,render_text,Race condition in render_text(),Incorrect system behaviour or safety-function failure originating in render_text (function),7,3,6,126,medium,src/impact/impact.cpp,129
FMEA-116,write_json,Race condition in write_json(),Incorrect system behaviour or safety-function failure originating in write_json (function),7,3,6,126,medium,src/iec62443/iec62443.cpp,144
FMEA-112,assess,Race condition in assess(),Incorrect system behaviour or safety-function failure originating in assess (function),7,3,6,126,medium,src/iec62443/iec62443.cpp,119
FMEA-1596,render_json,Race condition in render_json(),Incorrect system behaviour or safety-function failure originating in render_json (function),7,3,6,126,medium,src/impact/impact.cpp,143
FMEA-108,is_required,Race condition in is_required(),Incorrect system behaviour or safety-function failure originating in is_required (function),7,3,6,126,medium,src/iec62443/iec62443.cpp,107
FMEA-256,run,Race condition in run(),Incorrect system behaviour or safety-function failure originating in run (function),7,3,6,126,medium,src/cmd/cli.cpp,152
FMEA-104,detect_status,Race condition in detect_status(),Incorrect system behaviour or safety-function failure originating in detect_status (function),7,3,6,126,medium,src/iec62443/iec62443.cpp,94
FMEA-1600,parse_asil,Race condition in parse_asil(),Incorrect system behaviour or safety-function failure originating in parse_asil (function),7,3,6,126,medium,src/iso26262/iso26262.hpp,12
FMEA-100,parse_sl,Race condition in parse_sl(),Incorrect system behaviour or safety-function failure originating in parse_sl (function),7,3,6,126,medium,src/iec62443/iec62443.cpp,16
FMEA-96,find_by_rule,Race condition in find_by_rule(),Incorrect system behaviour or safety-function failure originating in find_by_rule (function),7,3,6,126,medium,src/disposition/disposition.cpp,90
FMEA-92,render_entries,Race condition in render_entries(),Incorrect system behaviour or safety-function failure originating in render_entries (function),7,3,6,126,medium,src/disposition/disposition.cpp,71
FMEA-1024,list_all,Race condition in list_all(),Incorrect system behaviour or safety-function failure originating in list_all (function),7,3,6,126,medium,src/fix/fix.hpp,20
FMEA-88,add,Race condition in add(),Incorrect system behaviour or safety-function failure originating in add (function),7,3,6,126,medium,src/disposition/disposition.cpp,62
FMEA-1064,to_json,Race condition in to_json(),Incorrect system behaviour or safety-function failure originating in to_json (function),7,3,6,126,medium,src/fmea/fmea.cpp,230
FMEA-84,save,Race condition in save(),Incorrect system behaviour or safety-function failure originating in save (function),7,3,6,126,medium,src/disposition/disposition.cpp,42
FMEA-1028,build_report,Race condition in build_report(),Incorrect system behaviour or safety-function failure originating in build_report (function),7,3,6,126,medium,src/misra/misra.cpp,71
FMEA-80,load,Race condition in load(),Incorrect system behaviour or safety-function failure originating in load (function),7,3,6,126,medium,src/disposition/disposition.cpp,19
FMEA-1612,write_json,Race condition in write_json(),Incorrect system behaviour or safety-function failure originating in write_json (function),7,3,6,126,medium,src/iso26262/iso26262.hpp,43
FMEA-76,parse_action,Race condition in parse_action(),Incorrect system behaviour or safety-function failure originating in parse_action (function),7,3,6,126,medium,src/disposition/disposition.cpp,16
FMEA-932,parse_severity,Race condition in parse_severity(),Incorrect system behaviour or safety-function failure originating in parse_severity (function),7,3,6,126,medium,src/pr/pr.hpp,16
FMEA-1132,make_header,Race condition in make_header(),Incorrect system behaviour or safety-function failure originating in make_header (function),7,3,6,126,medium,src/report/report.cpp,34
FMEA-928,parse_status,Race condition in parse_status(),Incorrect system behaviour or safety-function failure originating in parse_status (function),7,3,6,126,medium,src/pr/pr.hpp,15
FMEA-392,save_requirements,Race condition in save_requirements(),Incorrect system behaviour or safety-function failure originating in save_requirements (function),7,3,6,126,medium,src/trace/trace.cpp,761
FMEA-1436,make_fusa005,Race condition in make_fusa005(),Incorrect system behaviour or safety-function failure originating in make_fusa005 (function),7,3,6,126,medium,src/engine/rules.cpp,111
FMEA-904,parse_status,Race condition in parse_status(),Incorrect system behaviour or safety-function failure originating in parse_status (function),7,3,6,126,medium,src/pr/pr.cpp,29
FMEA-388,scan_func_coverage,Race condition in scan_func_coverage(),Incorrect system behaviour or safety-function failure originating in scan_func_coverage (function),7,3,6,126,medium,src/trace/trace.cpp,219
FMEA-464,write_json,Race condition in write_json(),Incorrect system behaviour or safety-function failure originating in write_json (function),7,3,6,126,medium,src/unece/unece.hpp,41
FMEA-468,render_text,Race condition in render_text(),Incorrect system behaviour or safety-function failure originating in render_text (function),7,3,6,126,medium,src/unece/unece.hpp,42
FMEA-1388,make_verify002,Race condition in make_verify002(),Incorrect system behaviour or safety-function failure originating in make_verify002 (function),7,3,6,126,medium,src/engine/rules.hpp,34
FMEA-384,func_has_tag_above,Race condition in func_has_tag_above(),Incorrect system behaviour or safety-function failure originating in func_has_tag_above (function),7,3,6,126,medium,src/trace/trace.cpp,185
FMEA-1440,make_coup003,Race condition in make_coup003(),Incorrect system behaviour or safety-function failure originating in make_coup003 (function),7,3,6,126,medium,src/engine/rules.cpp,128
FMEA-908,parse_severity,Race condition in parse_severity(),Incorrect system behaviour or safety-function failure originating in parse_severity (function),7,3,6,126,medium,src/pr/pr.cpp,34
FMEA-1444,make_hara005,Race condition in make_hara005(),Incorrect system behaviour or safety-function failure originating in make_hara005 (function),7,3,6,126,medium,src/engine/rules.cpp,144
FMEA-472,parse_dal,Race condition in parse_dal(),Incorrect system behaviour or safety-function failure originating in parse_dal (function),7,3,6,126,medium,src/do178/do178.hpp,12
FMEA-372,is_func_exempt,Race condition in is_func_exempt(),Incorrect system behaviour or safety-function failure originating in is_func_exempt (function),7,3,6,126,medium,src/trace/trace.cpp,34
FMEA-1448,make_iso26262002,Race condition in make_iso26262002(),Incorrect system behaviour or safety-function failure originating in make_iso26262002 (function),7,3,6,126,medium,src/engine/rules.cpp,187
FMEA-368,run,Race condition in run(),Incorrect system behaviour or safety-function failure originating in run (function),7,3,6,126,medium,src/cyber/cyber.cpp,178
FMEA-1384,make_hara004,Race condition in make_hara004(),Incorrect system behaviour or safety-function failure originating in make_hara004 (function),7,3,6,126,medium,src/engine/rules.hpp,32
FMEA-1136,add_report_envelope,Race condition in add_report_envelope(),Incorrect system behaviour or safety-function failure originating in add_report_envelope (function),7,3,6,126,medium,src/report/report.cpp,46
FMEA-1380,make_hara003,Race condition in make_hara003(),Incorrect system behaviour or safety-function failure originating in make_hara003 (function),7,3,6,126,medium,src/engine/rules.hpp,30
FMEA-484,write_json,Race condition in write_json(),Incorrect system behaviour or safety-function failure originating in write_json (function),7,3,6,126,medium,src/do178/do178.hpp,41
FMEA-364,is_excluded,Race condition in is_excluded(),Incorrect system behaviour or safety-function failure originating in is_excluded (function),7,3,6,126,medium,src/cyber/cyber.cpp,41
FMEA-1420,make_fusa001,Race condition in make_fusa001(),Incorrect system behaviour or safety-function failure originating in make_fusa001 (function),7,3,6,126,medium,src/engine/rules.cpp,45
FMEA-432,assess_r155,Race condition in assess_r155(),Incorrect system behaviour or safety-function failure originating in assess_r155 (function),7,3,6,126,medium,src/unece/unece.cpp,144
FMEA-1408,any_file,Race condition in any_file(),Incorrect system behaviour or safety-function failure originating in any_file (function),7,3,6,126,medium,src/engine/rules.cpp,17
FMEA-916,save,Race condition in save(),Incorrect system behaviour or safety-function failure originating in save (function),7,3,6,126,medium,src/pr/pr.cpp,68
FMEA-428,build_report,Race condition in build_report(),Incorrect system behaviour or safety-function failure originating in build_report (function),7,3,6,126,medium,src/unece/unece.cpp,119
FMEA-436,build_report,Race condition in build_report(),Incorrect system behaviour or safety-function failure originating in build_report (function),7,3,6,126,medium,src/unece/unece.cpp,145
FMEA-1412,source_contains,Race condition in source_contains(),Incorrect system behaviour or safety-function failure originating in source_contains (function),7,3,6,126,medium,src/engine/rules.cpp,28
FMEA-424,detect_status,Race condition in detect_status(),Incorrect system behaviour or safety-function failure originating in detect_status (function),7,3,6,126,medium,src/unece/unece.cpp,40
FMEA-440,assess_r156,Race condition in assess_r156(),Incorrect system behaviour or safety-function failure originating in assess_r156 (function),7,3,6,126,medium,src/unece/unece.cpp,149
FMEA-1416,any_file,Race condition in any_file(),Incorrect system behaviour or safety-function failure originating in any_file (function),7,3,6,126,medium,src/engine/rules.cpp,30
FMEA-920,add,Race condition in add(),Incorrect system behaviour or safety-function failure originating in add (function),7,3,6,126,medium,src/pr/pr.cpp,92
FMEA-900,render_text,Race condition in render_text(),Incorrect system behaviour or safety-function failure originating in render_text (function),7,3,6,126,medium,src/slsa/slsa.hpp,43
FMEA-1404,register_rule,Race condition in register_rule(),Incorrect system behaviour or safety-function failure originating in register_rule (function),7,3,6,126,medium,src/engine/engine.hpp,32
FMEA-444,build_report,Race condition in build_report(),Incorrect system behaviour or safety-function failure originating in build_report (function),7,3,6,126,medium,src/unece/unece.cpp,150
FMEA-912,load,Race condition in load(),Incorrect system behaviour or safety-function failure originating in load (function),7,3,6,126,medium,src/pr/pr.cpp,41
FMEA-448,write_json,Race condition in write_json(),Incorrect system behaviour or safety-function failure originating in write_json (function),7,3,6,126,medium,src/unece/unece.cpp,153
FMEA-1124,for_each_source,Race condition in for_each_source(),Incorrect system behaviour or safety-function failure originating in for_each_source (function),7,3,6,126,medium,src/analyze/analyze.cpp,34
FMEA-1424,make_fusa002,Race condition in make_fusa002(),Incorrect system behaviour or safety-function failure originating in make_fusa002 (function),7,3,6,126,medium,src/engine/rules.cpp,61
FMEA-956,to_json,Race condition in to_json(),Incorrect system behaviour or safety-function failure originating in to_json (function),7,3,6,126,medium,src/safety_case/safety_case.cpp,145
FMEA-924,render,Race condition in render(),Incorrect system behaviour or safety-function failure originating in render (function),7,3,6,126,medium,src/pr/pr.cpp,97
FMEA-1428,make_fusa003,Race condition in make_fusa003(),Incorrect system behaviour or safety-function failure originating in make_fusa003 (function),7,3,6,126,medium,src/engine/rules.cpp,79
FMEA-452,render_text,Race condition in render_text(),Incorrect system behaviour or safety-function failure originating in render_text (function),7,3,6,126,medium,src/unece/unece.cpp,185
FMEA-500,detect_status,Race condition in detect_status(),Incorrect system behaviour or safety-function failure originating in detect_status (function),7,3,6,126,medium,src/do178/do178.cpp,102
FMEA-944,add,Race condition in add(),Incorrect system behaviour or safety-function failure originating in add (function),7,3,6,126,medium,src/pr/pr.hpp,37
FMEA-496,is_required,Race condition in is_required(),Incorrect system behaviour or safety-function failure originating in is_required (function),7,3,6,126,medium,src/do178/do178.cpp,93
FMEA-340,has_safe_state_above,Race condition in has_safe_state_above(),Incorrect system behaviour or safety-function failure originating in has_safe_state_above (function),7,3,6,126,medium,src/lint/lint.cpp,59
FMEA-1468,make_verify002,Race condition in make_verify002(),Incorrect system behaviour or safety-function failure originating in make_verify002 (function),7,3,6,126,medium,src/engine/rules.cpp,333
FMEA-1372,make_iso26262003,Race condition in make_iso26262003(),Incorrect system behaviour or safety-function failure originating in make_iso26262003 (function),7,3,6,126,medium,src/engine/rules.hpp,26
FMEA-336,file_suppressed,Race condition in file_suppressed(),Incorrect system behaviour or safety-function failure originating in file_suppressed (function),7,3,6,126,medium,src/lint/lint.cpp,50
FMEA-332,suppressed,Race condition in suppressed(),Incorrect system behaviour or safety-function failure originating in suppressed (function),7,3,6,126,medium,src/lint/lint.cpp,44
FMEA-1472,make_default_engine,Race condition in make_default_engine(),Incorrect system behaviour or safety-function failure originating in make_default_engine (function),7,3,6,126,medium,src/engine/engine.cpp,38
FMEA-328,for_each_source,Race condition in for_each_source(),Incorrect system behaviour or safety-function failure originating in for_each_source (function),7,3,6,126,medium,src/lint/lint.cpp,30
FMEA-948,render,Race condition in render(),Incorrect system behaviour or safety-function failure originating in render (function),7,3,6,126,medium,src/pr/pr.hpp,38
FMEA-1452,make_iso26262003,Race condition in make_iso26262003(),Incorrect system behaviour or safety-function failure originating in make_iso26262003 (function),7,3,6,126,medium,src/engine/rules.cpp,217
FMEA-1140,exit_code,Race condition in exit_code(),Incorrect system behaviour or safety-function failure originating in exit_code (function),7,3,6,126,medium,src/report/report.cpp,270
FMEA-504,assess,Race condition in assess(),Incorrect system behaviour or safety-function failure originating in assess (function),7,3,6,126,medium,src/do178/do178.cpp,143
FMEA-1368,make_iso26262002,Race condition in make_iso26262002(),Incorrect system behaviour or safety-function failure originating in make_iso26262002 (function),7,3,6,126,medium,src/engine/rules.hpp,24
FMEA-1480,from_hex,Race condition in from_hex(),Incorrect system behaviour or safety-function failure originating in from_hex (function),7,3,6,126,medium,src/sign/sign.cpp,100
FMEA-508,write_json,Race condition in write_json(),Incorrect system behaviour or safety-function failure originating in write_json (function),7,3,6,126,medium,src/do178/do178.cpp,168
FMEA-952,compute_completeness,Race condition in compute_completeness(),Incorrect system behaviour or safety-function failure originating in compute_completeness (function),7,3,6,126,medium,src/safety_case/safety_case.cpp,122
FMEA-312,run_case,Race condition in run_case(),Incorrect system behaviour or safety-function failure originating in run_case (function),7,3,6,126,medium,src/qualify/qualify.cpp,157
FMEA-1484,to_hex,Race condition in to_hex(),Incorrect system behaviour or safety-function failure originating in to_hex (function),7,3,6,126,medium,src/sign/sign.cpp,144
FMEA-308,sha256_hex,Race condition in sha256_hex(),Incorrect system behaviour or safety-function failure originating in sha256_hex (function),7,3,6,126,medium,src/qualify/qualify.cpp,152
FMEA-512,render_text,Race condition in render_text(),Incorrect system behaviour or safety-function failure originating in render_text (function),7,3,6,126,medium,src/do178/do178.cpp,187
FMEA-1112,fn_scope_visitor,Race condition in fn_scope_visitor(),Incorrect system behaviour or safety-function failure originating in fn_scope_visitor (function),7,3,6,126,medium,src/ast/ast.cpp,171
FMEA-1456,make_hara002,Race condition in make_hara002(),Incorrect system behaviour or safety-function failure originating in make_hara002 (function),7,3,6,126,medium,src/engine/rules.cpp,243
FMEA-1116,fn_body_visitor,Race condition in fn_body_visitor(),Incorrect system behaviour or safety-function failure originating in fn_body_visitor (function),7,3,6,126,medium,src/ast/ast.cpp,198
FMEA-1464,make_hara004,Race condition in make_hara004(),Incorrect system behaviour or safety-function failure originating in make_hara004 (function),7,3,6,126,medium,src/engine/rules.cpp,304
FMEA-492,parse_dal,Race condition in parse_dal(),Incorrect system behaviour or safety-function failure originating in parse_dal (function),7,3,6,126,medium,src/do178/do178.cpp,15
FMEA-488,render_text,Race condition in render_text(),Incorrect system behaviour or safety-function failure originating in render_text (function),7,3,6,126,medium,src/do178/do178.hpp,42
FMEA-896,write_json,Race condition in write_json(),Incorrect system behaviour or safety-function failure originating in write_json (function),7,3,6,126,medium,src/slsa/slsa.hpp,42
FMEA-1376,make_hara002,Race condition in make_hara002(),Incorrect system behaviour or safety-function failure originating in make_hara002 (function),7,3,6,126,medium,src/engine/rules.hpp,28
FMEA-352,run,Race condition in run(),Incorrect system behaviour or safety-function failure originating in run (function),7,3,6,126,medium,src/cyber/cyber.hpp,56
FMEA-360,is_source,Race condition in is_source(),Incorrect system behaviour or safety-function failure originating in is_source (function),7,3,6,126,medium,src/cyber/cyber.cpp,36
FMEA-1460,make_hara003,Race condition in make_hara003(),Incorrect system behaviour or safety-function failure originating in make_hara003 (function),7,3,6,126,medium,src/engine/rules.cpp,275
FMEA-827,FuncInfo,Memory leak in FuncInfo(),Incorrect system behaviour or safety-function failure originating in FuncInfo (class),5,3,4,60,medium,src/comp/comp.cpp,38
FMEA-1075,FMEAReport,Memory leak in FMEAReport(),Incorrect system behaviour or safety-function failure originating in FMEAReport (class),5,3,4,60,medium,src/fmea/fmea.hpp,55
FMEA-1143,ReportOptions,Memory leak in ReportOptions(),Incorrect system behaviour or safety-function failure originating in ReportOptions (class),5,3,4,60,medium,src/report/report.hpp,13
FMEA-1194,content_json,Unhandled error in content_json(),Incorrect system behaviour or safety-function failure originating in content_json (function),5,3,4,60,medium,src/hara/hara.cpp,119
FMEA-1129,make_header,Incorrect return value in make_header(),Incorrect system behaviour or safety-function failure originating in make_header (function),5,3,4,60,medium,src/report/report.cpp,34
FMEA-1193,content_json,Incorrect return value in content_json(),Incorrect system behaviour or safety-function failure originating in content_json (function),5,3,4,60,medium,src/hara/hara.cpp,119
FMEA-1057,Declaration,Incorrect initialisation in Declaration(),Incorrect system behaviour or safety-function failure originating in Declaration (class),5,3,4,60,medium,src/fmea/fmea.cpp,50
FMEA-1128,FuncBlock,Exception propagation in FuncBlock(),Incorrect system behaviour or safety-function failure originating in FuncBlock (class),5,3,4,60,medium,src/analyze/analyze.cpp,66
FMEA-1141,ReportOptions,Incorrect initialisation in ReportOptions(),Incorrect system behaviour or safety-function failure originating in ReportOptions (class),5,3,4,60,medium,src/report/report.hpp,13
FMEA-1148,DataEdge,Exception propagation in DataEdge(),Incorrect system behaviour or safety-function failure originating in DataEdge (class),5,3,4,60,medium,src/coupling/coupling.hpp,11
FMEA-1186,parse_controllability,Unhandled error in parse_controllability(),Incorrect system behaviour or safety-function failure originating in parse_controllability (function),5,3,4,60,medium,src/hara/hara.cpp,56
FMEA-1145,DataEdge,Incorrect initialisation in DataEdge(),Incorrect system behaviour or safety-function failure originating in DataEdge (class),5,3,4,60,medium,src/coupling/coupling.hpp,11
FMEA-1137,exit_code,Incorrect return value in exit_code(),Incorrect system behaviour or safety-function failure originating in exit_code (function),5,3,4,60,medium,src/report/report.cpp,270
FMEA-1059,Declaration,Memory leak in Declaration(),Incorrect system behaviour or safety-function failure originating in Declaration (class),5,3,4,60,medium,src/fmea/fmea.cpp,50
FMEA-1065,FmeaEntry,Incorrect initialisation in FmeaEntry(),Incorrect system behaviour or safety-function failure originating in FmeaEntry (class),5,3,4,60,medium,src/fmea/fmea.hpp,25
FMEA-1060,Declaration,Exception propagation in Declaration(),Incorrect system behaviour or safety-function failure originating in Declaration (class),5,3,4,60,medium,src/fmea/fmea.cpp,50
FMEA-1130,make_header,Unhandled error in make_header(),Incorrect system behaviour or safety-function failure originating in make_header (function),5,3,4,60,medium,src/report/report.cpp,34
FMEA-1197,save,Incorrect return value in save(),Incorrect system behaviour or safety-function failure originating in save (function),5,3,4,60,medium,src/hara/hara.cpp,158
FMEA-1053,is_excluded,Incorrect return value in is_excluded(),Incorrect system behaviour or safety-function failure originating in is_excluded (function),5,3,4,60,medium,src/fmea/fmea.cpp,30
FMEA-1054,is_excluded,Unhandled error in is_excluded(),Incorrect system behaviour or safety-function failure originating in is_excluded (function),5,3,4,60,medium,src/fmea/fmea.cpp,30
FMEA-1147,DataEdge,Memory leak in DataEdge(),Incorrect system behaviour or safety-function failure originating in DataEdge (class),5,3,4,60,medium,src/coupling/coupling.hpp,11
FMEA-1144,ReportOptions,Exception propagation in ReportOptions(),Incorrect system behaviour or safety-function failure originating in ReportOptions (class),5,3,4,60,medium,src/report/report.hpp,13
FMEA-1189,load,Incorrect return value in load(),Incorrect system behaviour or safety-function failure originating in load (function),5,3,4,60,medium,src/hara/hara.cpp,64
FMEA-1190,load,Unhandled error in load(),Incorrect system behaviour or safety-function failure originating in load (function),5,3,4,60,medium,src/hara/hara.cpp,64
FMEA-1133,add_report_envelope,Incorrect return value in add_report_envelope(),Incorrect system behaviour or safety-function failure originating in add_report_envelope (function),5,3,4,60,medium,src/report/report.cpp,46
FMEA-1062,to_json,Unhandled error in to_json(),Incorrect system behaviour or safety-function failure originating in to_json (function),5,3,4,60,medium,src/fmea/fmea.cpp,230
FMEA-1138,exit_code,Unhandled error in exit_code(),Incorrect system behaviour or safety-function failure originating in exit_code (function),5,3,4,60,medium,src/report/report.cpp,270
FMEA-1061,to_json,Incorrect return value in to_json(),Incorrect system behaviour or safety-function failure originating in to_json (function),5,3,4,60,medium,src/fmea/fmea.cpp,230
FMEA-1134,add_report_envelope,Unhandled error in add_report_envelope(),Incorrect system behaviour or safety-function failure originating in add_report_envelope (function),5,3,4,60,medium,src/report/report.cpp,46
FMEA-1095,ShadowCtx,Memory leak in ShadowCtx(),Incorrect system behaviour or safety-function failure originating in ShadowCtx (class),5,3,4,60,medium,src/ast/ast.cpp,68
FMEA-1157,write_json,Incorrect return value in write_json(),Incorrect system behaviour or safety-function failure originating in write_json (function),5,3,4,60,medium,src/coupling/coupling.hpp,33
FMEA-1084,TUFindings,Exception propagation in TUFindings(),Incorrect system behaviour or safety-function failure originating in TUFindings (class),5,3,4,60,medium,src/ast/ast.cpp,38
FMEA-1085,ClassState,Incorrect initialisation in ClassState(),Incorrect system behaviour or safety-function failure originating in ClassState (class),5,3,4,60,medium,src/ast/ast.cpp,44
FMEA-1117,AnalyzeOptions,Incorrect initialisation in AnalyzeOptions(),Incorrect system behaviour or safety-function failure originating in AnalyzeOptions (class),5,3,4,60,medium,src/analyze/analyze.hpp,11
FMEA-1087,ClassState,Memory leak in ClassState(),Incorrect system behaviour or safety-function failure originating in ClassState (class),5,3,4,60,medium,src/ast/ast.cpp,44
FMEA-1088,ClassState,Exception propagation in ClassState(),Incorrect system behaviour or safety-function failure originating in ClassState (class),5,3,4,60,medium,src/ast/ast.cpp,44
FMEA-1089,class_member_visitor,Incorrect return value in class_member_visitor(),Incorrect system behaviour or safety-function failure originating in class_member_visitor (function),5,3,4,60,medium,src/ast/ast.cpp,52
FMEA-1170,write_json,Unhandled error in write_json(),Incorrect system behaviour or safety-function failure originating in write_json (function),5,3,4,60,medium,src/coupling/coupling.cpp,91
FMEA-1090,class_member_visitor,Unhandled error in class_member_visitor(),Incorrect system behaviour or safety-function failure originating in class_member_visitor (function),5,3,4,60,medium,src/ast/ast.cpp,52
FMEA-1114,fn_body_visitor,Unhandled error in fn_body_visitor(),Incorrect system behaviour or safety-function failure originating in fn_body_visitor (function),5,3,4,60,medium,src/ast/ast.cpp,198
FMEA-1158,write_json,Unhandled error in write_json(),Incorrect system behaviour or safety-function failure originating in write_json (function),5,3,4,60,medium,src/coupling/coupling.hpp,33
FMEA-1113,fn_body_visitor,Incorrect return value in fn_body_visitor(),Incorrect system behaviour or safety-function failure originating in fn_body_visitor (function),5,3,4,60,medium,src/ast/ast.cpp,198
FMEA-1093,ShadowCtx,Incorrect initialisation in ShadowCtx(),Incorrect system behaviour or safety-function failure originating in ShadowCtx (class),5,3,4,60,medium,src/ast/ast.cpp,68
FMEA-1169,write_json,Incorrect return value in write_json(),Incorrect system behaviour or safety-function failure originating in write_json (function),5,3,4,60,medium,src/coupling/coupling.cpp,91
FMEA-1173,render_text,Incorrect return value in render_text(),Incorrect system behaviour or safety-function failure originating in render_text (function),5,3,4,60,medium,src/coupling/coupling.cpp,107
FMEA-1096,ShadowCtx,Exception propagation in ShadowCtx(),Incorrect system behaviour or safety-function failure originating in ShadowCtx (class),5,3,4,60,medium,src/ast/ast.cpp,68
FMEA-1110,fn_scope_visitor,Unhandled error in fn_scope_visitor(),Incorrect system behaviour or safety-function failure originating in fn_scope_visitor (function),5,3,4,60,medium,src/ast/ast.cpp,171
FMEA-1097,shadow_visitor,Incorrect return value in shadow_visitor(),Incorrect system behaviour or safety-function failure originating in shadow_visitor (function),5,3,4,60,medium,src/ast/ast.cpp,74
FMEA-1098,shadow_visitor,Unhandled error in shadow_visitor(),Incorrect system behaviour or safety-function failure originating in shadow_visitor (function),5,3,4,60,medium,src/ast/ast.cpp,74
FMEA-1166,analyse,Unhandled error in analyse(),Incorrect system behaviour or safety-function failure originating in analyse (function),5,3,4,60,medium,src/coupling/coupling.cpp,28
FMEA-1161,render_text,Incorrect return value in render_text(),Incorrect system behaviour or safety-function failure originating in render_text (function),5,3,4,60,medium,src/coupling/coupling.hpp,34
FMEA-1109,fn_scope_visitor,Incorrect return value in fn_scope_visitor(),Incorrect system behaviour or safety-function failure originating in fn_scope_visitor (function),5,3,4,60,medium,src/ast/ast.cpp,171
FMEA-1165,analyse,Incorrect return value in analyse(),Incorrect system behaviour or safety-function failure originating in analyse (function),5,3,4,60,medium,src/coupling/coupling.cpp,28
FMEA-1108,FnScopeCtx,Exception propagation in FnScopeCtx(),Incorrect system behaviour or safety-function failure originating in FnScopeCtx (class),5,3,4,60,medium,src/ast/ast.cpp,165
FMEA-1101,tu_visitor,Incorrect return value in tu_visitor(),Incorrect system behaviour or safety-function failure originating in tu_visitor (function),5,3,4,60,medium,src/ast/ast.cpp,82
FMEA-1102,tu_visitor,Unhandled error in tu_visitor(),Incorrect system behaviour or safety-function failure originating in tu_visitor (function),5,3,4,60,medium,src/ast/ast.cpp,82
FMEA-1107,FnScopeCtx,Memory leak in FnScopeCtx(),Incorrect system behaviour or safety-function failure originating in FnScopeCtx (class),5,3,4,60,medium,src/ast/ast.cpp,165
FMEA-1162,render_text,Unhandled error in render_text(),Incorrect system behaviour or safety-function failure originating in render_text (function),5,3,4,60,medium,src/coupling/coupling.hpp,34
FMEA-1105,FnScopeCtx,Incorrect initialisation in FnScopeCtx(),Incorrect system behaviour or safety-function failure originating in FnScopeCtx (class),5,3,4,60,medium,src/ast/ast.cpp,165
FMEA-1077,libclang_available,Incorrect return value in libclang_available(),Incorrect system behaviour or safety-function failure originating in libclang_available (function),5,3,4,60,medium,src/ast/ast.cpp,18
FMEA-1068,FmeaEntry,Exception propagation in FmeaEntry(),Incorrect system behaviour or safety-function failure originating in FmeaEntry (class),5,3,4,60,medium,src/fmea/fmea.hpp,25
FMEA-1185,parse_controllability,Incorrect return value in parse_controllability(),Incorrect system behaviour or safety-function failure originating in parse_controllability (function),5,3,4,60,medium,src/hara/hara.cpp,56
FMEA-1149,ControlEdge,Incorrect initialisation in ControlEdge(),Incorrect system behaviour or safety-function failure originating in ControlEdge (class),5,3,4,60,medium,src/coupling/coupling.hpp,17
FMEA-1069,Summary,Incorrect initialisation in Summary(),Incorrect system behaviour or safety-function failure originating in Summary (class),5,3,4,60,medium,src/fmea/fmea.hpp,44
FMEA-1071,Summary,Memory leak in Summary(),Incorrect system behaviour or safety-function failure originating in Summary (class),5,3,4,60,medium,src/fmea/fmea.hpp,44
FMEA-1127,FuncBlock,Memory leak in FuncBlock(),Incorrect system behaviour or safety-function failure originating in FuncBlock (class),5,3,4,60,medium,src/analyze/analyze.cpp,66
FMEA-1182,parse_exposure,Unhandled error in parse_exposure(),Incorrect system behaviour or safety-function failure originating in parse_exposure (function),5,3,4,60,medium,src/hara/hara.cpp,49
FMEA-1181,parse_exposure,Incorrect return value in parse_exposure(),Incorrect system behaviour or safety-function failure originating in parse_exposure (function),5,3,4,60,medium,src/hara/hara.cpp,49
FMEA-1125,FuncBlock,Incorrect initialisation in FuncBlock(),Incorrect system behaviour or safety-function failure originating in FuncBlock (class),5,3,4,60,medium,src/analyze/analyze.cpp,66
FMEA-1072,Summary,Exception propagation in Summary(),Incorrect system behaviour or safety-function failure originating in Summary (class),5,3,4,60,medium,src/fmea/fmea.hpp,44
FMEA-1073,FMEAReport,Incorrect initialisation in FMEAReport(),Incorrect system behaviour or safety-function failure originating in FMEAReport (class),5,3,4,60,medium,src/fmea/fmea.hpp,55
FMEA-1151,ControlEdge,Memory leak in ControlEdge(),Incorrect system behaviour or safety-function failure originating in ControlEdge (class),5,3,4,60,medium,src/coupling/coupling.hpp,17
FMEA-1076,FMEAReport,Exception propagation in FMEAReport(),Incorrect system behaviour or safety-function failure originating in FMEAReport (class),5,3,4,60,medium,src/fmea/fmea.hpp,55
FMEA-1122,for_each_source,Unhandled error in for_each_source(),Incorrect system behaviour or safety-function failure originating in for_each_source (function),5,3,4,60,medium,src/analyze/analyze.cpp,34
FMEA-1067,FmeaEntry,Memory leak in FmeaEntry(),Incorrect system behaviour or safety-function failure originating in FmeaEntry (class),5,3,4,60,medium,src/fmea/fmea.hpp,25
FMEA-1050,render_text,Unhandled error in render_text(),Incorrect system behaviour or safety-function failure originating in render_text (function),5,3,4,60,medium,src/misra/misra.hpp,34
FMEA-1152,ControlEdge,Exception propagation in ControlEdge(),Incorrect system behaviour or safety-function failure originating in ControlEdge (class),5,3,4,60,medium,src/coupling/coupling.hpp,17
FMEA-1178,parse_severity,Unhandled error in parse_severity(),Incorrect system behaviour or safety-function failure originating in parse_severity (function),5,3,4,60,medium,src/hara/hara.cpp,43
FMEA-1078,libclang_available,Unhandled error in libclang_available(),Incorrect system behaviour or safety-function failure originating in libclang_available (function),5,3,4,60,medium,src/ast/ast.cpp,18
FMEA-1153,CouplingReport,Incorrect initialisation in CouplingReport(),Incorrect system behaviour or safety-function failure originating in CouplingReport (class),5,3,4,60,medium,src/coupling/coupling.hpp,23
FMEA-1177,parse_severity,Incorrect return value in parse_severity(),Incorrect system behaviour or safety-function failure originating in parse_severity (function),5,3,4,60,medium,src/hara/hara.cpp,43
FMEA-1121,for_each_source,Incorrect return value in for_each_source(),Incorrect system behaviour or safety-function failure originating in for_each_source (function),5,3,4,60,medium,src/analyze/analyze.cpp,34
FMEA-1120,AnalyzeOptions,Exception propagation in AnalyzeOptions(),Incorrect system behaviour or safety-function failure originating in AnalyzeOptions (class),5,3,4,60,medium,src/analyze/analyze.hpp,11
FMEA-1174,render_text,Unhandled error in render_text(),Incorrect system behaviour or safety-function failure originating in render_text (function),5,3,4,60,medium,src/coupling/coupling.cpp,107
FMEA-1155,CouplingReport,Memory leak in CouplingReport(),Incorrect system behaviour or safety-function failure originating in CouplingReport (class),5,3,4,60,medium,src/coupling/coupling.hpp,23
FMEA-1081,TUFindings,Incorrect initialisation in TUFindings(),Incorrect system behaviour or safety-function failure originating in TUFindings (class),5,3,4,60,medium,src/ast/ast.cpp,38
FMEA-1119,AnalyzeOptions,Memory leak in AnalyzeOptions(),Incorrect system behaviour or safety-function failure originating in AnalyzeOptions (class),5,3,4,60,medium,src/analyze/analyze.hpp,11
FMEA-1083,TUFindings,Memory leak in TUFindings(),Incorrect system behaviour or safety-function failure originating in TUFindings (class),5,3,4,60,medium,src/ast/ast.cpp,38
FMEA-1156,CouplingReport,Exception propagation in CouplingReport(),Incorrect system behaviour or safety-function failure originating in CouplingReport (class),5,3,4,60,medium,src/coupling/coupling.hpp,23
FMEA-1514,write_json,Unhandled error in write_json(),Incorrect system behaviour or safety-function failure originating in write_json (function),5,3,4,60,medium,src/coverage/coverage.cpp,118
FMEA-1487,TempDir,Memory leak in TempDir(),Incorrect system behaviour or safety-function failure originating in TempDir (class),5,3,4,60,medium,src/testutil/testutil.hpp,15
FMEA-1488,TempDir,Exception propagation in TempDir(),Incorrect system behaviour or safety-function failure originating in TempDir (class),5,3,4,60,medium,src/testutil/testutil.hpp,15
FMEA-1489,write,Incorrect return value in write(),Incorrect system behaviour or safety-function failure originating in write (function),5,3,4,60,medium,src/testutil/testutil.hpp,32
FMEA-1490,write,Unhandled error in write(),Incorrect system behaviour or safety-function failure originating in write (function),5,3,4,60,medium,src/testutil/testutil.hpp,32
FMEA-1493,main,Incorrect return value in main(),Incorrect system behaviour or safety-function failure originating in main (function),5,3,4,60,medium,src/main.cpp,3
FMEA-1494,main,Unhandled error in main(),Incorrect system behaviour or safety-function failure originating in main (function),5,3,4,60,medium,src/main.cpp,3
FMEA-1497,parse_dal,Incorrect return value in parse_dal(),Incorrect system behaviour or safety-function failure originating in parse_dal (function),5,3,4,60,medium,src/coverage/coverage.cpp,15
FMEA-1498,parse_dal,Unhandled error in parse_dal(),Incorrect system behaviour or safety-function failure originating in parse_dal (function),5,3,4,60,medium,src/coverage/coverage.cpp,15
FMEA-1501,line_threshold,Incorrect return value in line_threshold(),Incorrect system behaviour or safety-function failure originating in line_threshold (function),5,3,4,60,medium,src/coverage/coverage.cpp,32
FMEA-1502,line_threshold,Unhandled error in line_threshold(),Incorrect system behaviour or safety-function failure originating in line_threshold (function),5,3,4,60,medium,src/coverage/coverage.cpp,32
FMEA-1505,branch_threshold,Incorrect return value in branch_threshold(),Incorrect system behaviour or safety-function failure originating in branch_threshold (function),5,3,4,60,medium,src/coverage/coverage.cpp,40
FMEA-1506,branch_threshold,Unhandled error in branch_threshold(),Incorrect system behaviour or safety-function failure originating in branch_threshold (function),5,3,4,60,medium,src/coverage/coverage.cpp,40
FMEA-1509,build_from_lcov,Incorrect return value in build_from_lcov(),Incorrect system behaviour or safety-function failure originating in build_from_lcov (function),5,3,4,60,medium,src/coverage/coverage.cpp,59
FMEA-1510,build_from_lcov,Unhandled error in build_from_lcov(),Incorrect system behaviour or safety-function failure originating in build_from_lcov (function),5,3,4,60,medium,src/coverage/coverage.cpp,59
FMEA-1513,write_json,Incorrect return value in write_json(),Incorrect system behaviour or safety-function failure originating in write_json (function),5,3,4,60,medium,src/coverage/coverage.cpp,118
FMEA-1485,TempDir,Incorrect initialisation in TempDir(),Incorrect system behaviour or safety-function failure originating in TempDir (class),5,3,4,60,medium,src/testutil/testutil.hpp,15
FMEA-1517,render_text,Incorrect return value in render_text(),Incorrect system behaviour or safety-function failure originating in render_text (function),5,3,4,60,medium,src/coverage/coverage.cpp,179
FMEA-1518,render_text,Unhandled error in render_text(),Incorrect system behaviour or safety-function failure originating in render_text (function),5,3,4,60,medium,src/coverage/coverage.cpp,179
FMEA-1521,apply_mcdc,Incorrect return value in apply_mcdc(),Incorrect system behaviour or safety-function failure originating in apply_mcdc (function),5,3,4,60,medium,src/coverage/coverage.cpp,207
FMEA-1522,apply_mcdc,Unhandled error in apply_mcdc(),Incorrect system behaviour or safety-function failure originating in apply_mcdc (function),5,3,4,60,medium,src/coverage/coverage.cpp,207
FMEA-1525,parse_dal,Incorrect return value in parse_dal(),Incorrect system behaviour or safety-function failure originating in parse_dal (function),5,3,4,60,medium,src/coverage/coverage.hpp,13
FMEA-1526,parse_dal,Unhandled error in parse_dal(),Incorrect system behaviour or safety-function failure originating in parse_dal (function),5,3,4,60,medium,src/coverage/coverage.hpp,13
FMEA-1529,FileCoverage,Incorrect initialisation in FileCoverage(),Incorrect system behaviour or safety-function failure originating in FileCoverage (class),5,3,4,60,medium,src/coverage/coverage.hpp,16
FMEA-1531,FileCoverage,Memory leak in FileCoverage(),Incorrect system behaviour or safety-function failure originating in FileCoverage (class),5,3,4,60,medium,src/coverage/coverage.hpp,16
FMEA-1532,FileCoverage,Exception propagation in FileCoverage(),Incorrect system behaviour or safety-function failure originating in FileCoverage (class),5,3,4,60,medium,src/coverage/coverage.hpp,16
FMEA-1533,MCDCCondition,Incorrect initialisation in MCDCCondition(),Incorrect system behaviour or safety-function failure originating in MCDCCondition (class),5,3,4,60,medium,src/coverage/coverage.hpp,28
FMEA-1535,MCDCCondition,Memory leak in MCDCCondition(),Incorrect system behaviour or safety-function failure originating in MCDCCondition (class),5,3,4,60,medium,src/coverage/coverage.hpp,28
FMEA-1536,MCDCCondition,Exception propagation in MCDCCondition(),Incorrect system behaviour or safety-function failure originating in MCDCCondition (class),5,3,4,60,medium,src/coverage/coverage.hpp,28
FMEA-1537,MCDCRecord,Incorrect initialisation in MCDCRecord(),Incorrect system behaviour or safety-function failure originating in MCDCRecord (class),5,3,4,60,medium,src/coverage/coverage.hpp,38
FMEA-1539,MCDCRecord,Memory leak in MCDCRecord(),Incorrect system behaviour or safety-function failure originating in MCDCRecord (class),5,3,4,60,medium,src/coverage/coverage.hpp,38
FMEA-1540,MCDCRecord,Exception propagation in MCDCRecord(),Incorrect system behaviour or safety-function failure originating in MCDCRecord (class),5,3,4,60,medium,src/coverage/coverage.hpp,38
FMEA-1454,make_hara002,Unhandled error in make_hara002(),Incorrect system behaviour or safety-function failure originating in make_hara002 (function),5,3,4,60,medium,src/engine/rules.cpp,243
FMEA-1425,make_fusa003,Incorrect return value in make_fusa003(),Incorrect system behaviour or safety-function failure originating in make_fusa003 (function),5,3,4,60,medium,src/engine/rules.cpp,79
FMEA-1426,make_fusa003,Unhandled error in make_fusa003(),Incorrect system behaviour or safety-function failure originating in make_fusa003 (function),5,3,4,60,medium,src/engine/rules.cpp,79
FMEA-1429,make_fusa004,Incorrect return value in make_fusa004(),Incorrect system behaviour or safety-function failure originating in make_fusa004 (function),5,3,4,60,medium,src/engine/rules.cpp,95
FMEA-1430,make_fusa004,Unhandled error in make_fusa004(),Incorrect system behaviour or safety-function failure originating in make_fusa004 (function),5,3,4,60,medium,src/engine/rules.cpp,95
FMEA-1433,make_fusa005,Incorrect return value in make_fusa005(),Incorrect system behaviour or safety-function failure originating in make_fusa005 (function),5,3,4,60,medium,src/engine/rules.cpp,111
FMEA-1434,make_fusa005,Unhandled error in make_fusa005(),Incorrect system behaviour or safety-function failure originating in make_fusa005 (function),5,3,4,60,medium,src/engine/rules.cpp,111
FMEA-1437,make_coup003,Incorrect return value in make_coup003(),Incorrect system behaviour or safety-function failure originating in make_coup003 (function),5,3,4,60,medium,src/engine/rules.cpp,128
FMEA-1438,make_coup003,Unhandled error in make_coup003(),Incorrect system behaviour or safety-function failure originating in make_coup003 (function),5,3,4,60,medium,src/engine/rules.cpp,128
FMEA-1441,make_hara005,Incorrect return value in make_hara005(),Incorrect system behaviour or safety-function failure originating in make_hara005 (function),5,3,4,60,medium,src/engine/rules.cpp,144
FMEA-1442,make_hara005,Unhandled error in make_hara005(),Incorrect system behaviour or safety-function failure originating in make_hara005 (function),5,3,4,60,medium,src/engine/rules.cpp,144
FMEA-1445,make_iso26262002,Incorrect return value in make_iso26262002(),Incorrect system behaviour or safety-function failure originating in make_iso26262002 (function),5,3,4,60,medium,src/engine/rules.cpp,187
FMEA-1446,make_iso26262002,Unhandled error in make_iso26262002(),Incorrect system behaviour or safety-function failure originating in make_iso26262002 (function),5,3,4,60,medium,src/engine/rules.cpp,187
FMEA-1449,make_iso26262003,Incorrect return value in make_iso26262003(),Incorrect system behaviour or safety-function failure originating in make_iso26262003 (function),5,3,4,60,medium,src/engine/rules.cpp,217
FMEA-1450,make_iso26262003,Unhandled error in make_iso26262003(),Incorrect system behaviour or safety-function failure originating in make_iso26262003 (function),5,3,4,60,medium,src/engine/rules.cpp,217
FMEA-1453,make_hara002,Incorrect return value in make_hara002(),Incorrect system behaviour or safety-function failure originating in make_hara002 (function),5,3,4,60,medium,src/engine/rules.cpp,243
FMEA-1541,CoverageReport,Incorrect initialisation in CoverageReport(),Incorrect system behaviour or safety-function failure originating in CoverageReport (class),5,3,4,60,medium,src/coverage/coverage.hpp,52
FMEA-1457,make_hara003,Incorrect return value in make_hara003(),Incorrect system behaviour or safety-function failure originating in make_hara003 (function),5,3,4,60,medium,src/engine/rules.cpp,275
FMEA-1458,make_hara003,Unhandled error in make_hara003(),Incorrect system behaviour or safety-function failure originating in make_hara003 (function),5,3,4,60,medium,src/engine/rules.cpp,275
FMEA-1461,make_hara004,Incorrect return value in make_hara004(),Incorrect system behaviour or safety-function failure originating in make_hara004 (function),5,3,4,60,medium,src/engine/rules.cpp,304
FMEA-1462,make_hara004,Unhandled error in make_hara004(),Incorrect system behaviour or safety-function failure originating in make_hara004 (function),5,3,4,60,medium,src/engine/rules.cpp,304
FMEA-1465,make_verify002,Incorrect return value in make_verify002(),Incorrect system behaviour or safety-function failure originating in make_verify002 (function),5,3,4,60,medium,src/engine/rules.cpp,333
FMEA-1466,make_verify002,Unhandled error in make_verify002(),Incorrect system behaviour or safety-function failure originating in make_verify002 (function),5,3,4,60,medium,src/engine/rules.cpp,333
FMEA-1469,make_default_engine,Incorrect return value in make_default_engine(),Incorrect system behaviour or safety-function failure originating in make_default_engine (function),5,3,4,60,medium,src/engine/engine.cpp,38
FMEA-1470,make_default_engine,Unhandled error in make_default_engine(),Incorrect system behaviour or safety-function failure originating in make_default_engine (function),5,3,4,60,medium,src/engine/engine.cpp,38
FMEA-1473,SHACtx,Incorrect initialisation in SHACtx(),Incorrect system behaviour or safety-function failure originating in SHACtx (class),5,3,4,60,medium,src/sign/sign.cpp,15
FMEA-1475,SHACtx,Memory leak in SHACtx(),Incorrect system behaviour or safety-function failure originating in SHACtx (class),5,3,4,60,medium,src/sign/sign.cpp,15
FMEA-1476,SHACtx,Exception propagation in SHACtx(),Incorrect system behaviour or safety-function failure originating in SHACtx (class),5,3,4,60,medium,src/sign/sign.cpp,15
FMEA-1477,from_hex,Incorrect return value in from_hex(),Incorrect system behaviour or safety-function failure originating in from_hex (function),5,3,4,60,medium,src/sign/sign.cpp,100
FMEA-1478,from_hex,Unhandled error in from_hex(),Incorrect system behaviour or safety-function failure originating in from_hex (function),5,3,4,60,medium,src/sign/sign.cpp,100
FMEA-1481,to_hex,Incorrect return value in to_hex(),Incorrect system behaviour or safety-function failure originating in to_hex (function),5,3,4,60,medium,src/sign/sign.cpp,144
FMEA-1482,to_hex,Unhandled error in to_hex(),Incorrect system behaviour or safety-function failure originating in to_hex (function),5,3,4,60,medium,src/sign/sign.cpp,144
FMEA-1622,is_required,Unhandled error in is_required(),Incorrect system behaviour or safety-function failure originating in is_required (function),5,3,4,60,medium,src/iso26262/iso26262.cpp,62
FMEA-1597,parse_asil,Incorrect return value in parse_asil(),Incorrect system behaviour or safety-function failure originating in parse_asil (function),5,3,4,60,medium,src/iso26262/iso26262.hpp,12
FMEA-1598,parse_asil,Unhandled error in parse_asil(),Incorrect system behaviour or safety-function failure originating in parse_asil (function),5,3,4,60,medium,src/iso26262/iso26262.hpp,12
FMEA-1601,Objective,Incorrect initialisation in Objective(),Incorrect system behaviour or safety-function failure originating in Objective (class),5,3,4,60,medium,src/iso26262/iso26262.hpp,17
FMEA-1603,Objective,Memory leak in Objective(),Incorrect system behaviour or safety-function failure originating in Objective (class),5,3,4,60,medium,src/iso26262/iso26262.hpp,17
FMEA-1604,Objective,Exception propagation in Objective(),Incorrect system behaviour or safety-function failure originating in Objective (class),5,3,4,60,medium,src/iso26262/iso26262.hpp,17
FMEA-1605,Report,Incorrect initialisation in Report(),Incorrect system behaviour or safety-function failure originating in Report (class),5,3,4,60,medium,src/iso26262/iso26262.hpp,30
FMEA-1607,Report,Memory leak in Report(),Incorrect system behaviour or safety-function failure originating in Report (class),5,3,4,60,medium,src/iso26262/iso26262.hpp,30
FMEA-1608,Report,Exception propagation in Report(),Incorrect system behaviour or safety-function failure originating in Report (class),5,3,4,60,medium,src/iso26262/iso26262.hpp,30
FMEA-1609,write_json,Incorrect return value in write_json(),Incorrect system behaviour or safety-function failure originating in write_json (function),5,3,4,60,medium,src/iso26262/iso26262.hpp,43
FMEA-1610,write_json,Unhandled error in write_json(),Incorrect system behaviour or safety-function failure originating in write_json (function),5,3,4,60,medium,src/iso26262/iso26262.hpp,43
FMEA-1613,render_text,Incorrect return value in render_text(),Incorrect system behaviour or safety-function failure originating in render_text (function),5,3,4,60,medium,src/iso26262/iso26262.hpp,44
FMEA-1614,render_text,Unhandled error in render_text(),Incorrect system behaviour or safety-function failure originating in render_text (function),5,3,4,60,medium,src/iso26262/iso26262.hpp,44
FMEA-1617,parse_asil,Incorrect return value in parse_asil(),Incorrect system behaviour or safety-function failure originating in parse_asil (function),5,3,4,60,medium,src/iso26262/iso26262.cpp,15
FMEA-1618,parse_asil,Unhandled error in parse_asil(),Incorrect system behaviour or safety-function failure originating in parse_asil (function),5,3,4,60,medium,src/iso26262/iso26262.cpp,15
FMEA-1621,is_required,Incorrect return value in is_required(),Incorrect system behaviour or safety-function failure originating in is_required (function),5,3,4,60,medium,src/iso26262/iso26262.cpp,62
FMEA-1594,render_json,Unhandled error in render_json(),Incorrect system behaviour or safety-function failure originating in render_json (function),5,3,4,60,medium,src/impact/impact.cpp,143
FMEA-1625,detect_status,Incorrect return value in detect_status(),Incorrect system behaviour or safety-function failure originating in detect_status (function),5,3,4,60,medium,src/iso26262/iso26262.cpp,72
FMEA-1626,detect_status,Unhandled error in detect_status(),Incorrect system behaviour or safety-function failure originating in detect_status (function),5,3,4,60,medium,src/iso26262/iso26262.cpp,72
FMEA-1629,assess,Incorrect return value in assess(),Incorrect system behaviour or safety-function failure originating in assess (function),5,3,4,60,medium,src/iso26262/iso26262.cpp,127
FMEA-1630,assess,Unhandled error in assess(),Incorrect system behaviour or safety-function failure originating in assess (function),5,3,4,60,medium,src/iso26262/iso26262.cpp,127
FMEA-1633,write_json,Incorrect return value in write_json(),Incorrect system behaviour or safety-function failure originating in write_json (function),5,3,4,60,medium,src/iso26262/iso26262.cpp,152
FMEA-1634,write_json,Unhandled error in write_json(),Incorrect system behaviour or safety-function failure originating in write_json (function),5,3,4,60,medium,src/iso26262/iso26262.cpp,152
FMEA-1637,render_text,Incorrect return value in render_text(),Incorrect system behaviour or safety-function failure originating in render_text (function),5,3,4,60,medium,src/iso26262/iso26262.cpp,172
FMEA-1638,render_text,Unhandled error in render_text(),Incorrect system behaviour or safety-function failure originating in render_text (function),5,3,4,60,medium,src/iso26262/iso26262.cpp,172
FMEA-1641,from_findings,Incorrect return value in from_findings(),Incorrect system behaviour or safety-function failure originating in from_findings (function),5,3,4,60,medium,src/badge/badge.cpp,8
FMEA-1642,from_findings,Unhandled error in from_findings(),Incorrect system behaviour or safety-function failure originating in from_findings (function),5,3,4,60,medium,src/badge/badge.cpp,8
FMEA-1645,Badge,Incorrect initialisation in Badge(),Incorrect system behaviour or safety-function failure originating in Badge (class),5,3,4,60,medium,src/badge/badge.hpp,11
FMEA-1647,Badge,Memory leak in Badge(),Incorrect system behaviour or safety-function failure originating in Badge (class),5,3,4,60,medium,src/badge/badge.hpp,11
FMEA-1648,Badge,Exception propagation in Badge(),Incorrect system behaviour or safety-function failure originating in Badge (class),5,3,4,60,medium,src/badge/badge.hpp,11
FMEA-1649,from_findings,Incorrect return value in from_findings(),Incorrect system behaviour or safety-function failure originating in from_findings (function),5,3,4,60,medium,src/badge/badge.hpp,21
FMEA-1650,from_findings,Unhandled error in from_findings(),Incorrect system behaviour or safety-function failure originating in from_findings (function),5,3,4,60,medium,src/badge/badge.hpp,21
FMEA-1567,StaleArtifact,Memory leak in StaleArtifact(),Incorrect system behaviour or safety-function failure originating in StaleArtifact (class),5,3,4,60,medium,src/impact/impact.hpp,21
FMEA-1543,CoverageReport,Memory leak in CoverageReport(),Incorrect system behaviour or safety-function failure originating in CoverageReport (class),5,3,4,60,medium,src/coverage/coverage.hpp,52
FMEA-1544,CoverageReport,Exception propagation in CoverageReport(),Incorrect system behaviour or safety-function failure originating in CoverageReport (class),5,3,4,60,medium,src/coverage/coverage.hpp,52
FMEA-1545,write_json,Incorrect return value in write_json(),Incorrect system behaviour or safety-function failure originating in write_json (function),5,3,4,60,medium,src/coverage/coverage.hpp,79
FMEA-1546,write_json,Unhandled error in write_json(),Incorrect system behaviour or safety-function failure originating in write_json (function),5,3,4,60,medium,src/coverage/coverage.hpp,79
FMEA-1549,render_text,Incorrect return value in render_text(),Incorrect system behaviour or safety-function failure originating in render_text (function),5,3,4,60,medium,src/coverage/coverage.hpp,80
FMEA-1550,render_text,Unhandled error in render_text(),Incorrect system behaviour or safety-function failure originating in render_text (function),5,3,4,60,medium,src/coverage/coverage.hpp,80
FMEA-1553,apply_mcdc,Incorrect return value in apply_mcdc(),Incorrect system behaviour or safety-function failure originating in apply_mcdc (function),5,3,4,60,medium,src/coverage/coverage.hpp,84
FMEA-1554,apply_mcdc,Unhandled error in apply_mcdc(),Incorrect system behaviour or safety-function failure originating in apply_mcdc (function),5,3,4,60,medium,src/coverage/coverage.hpp,84
FMEA-1557,ChangedFile,Incorrect initialisation in ChangedFile(),Incorrect system behaviour or safety-function failure originating in ChangedFile (class),5,3,4,60,medium,src/impact/impact.hpp,9
FMEA-1559,ChangedFile,Memory leak in ChangedFile(),Incorrect system behaviour or safety-function failure originating in ChangedFile (class),5,3,4,60,medium,src/impact/impact.hpp,9
FMEA-1560,ChangedFile,Exception propagation in ChangedFile(),Incorrect system behaviour or safety-function failure originating in ChangedFile (class),5,3,4,60,medium,src/impact/impact.hpp,9
FMEA-1561,ImpactedReq,Incorrect initialisation in ImpactedReq(),Incorrect system behaviour or safety-function failure originating in ImpactedReq (class),5,3,4,60,medium,src/impact/impact.hpp,15
FMEA-1563,ImpactedReq,Memory leak in ImpactedReq(),Incorrect system behaviour or safety-function failure originating in ImpactedReq (class),5,3,4,60,medium,src/impact/impact.hpp,15
FMEA-1564,ImpactedReq,Exception propagation in ImpactedReq(),Incorrect system behaviour or safety-function failure originating in ImpactedReq (class),5,3,4,60,medium,src/impact/impact.hpp,15
FMEA-1565,StaleArtifact,Incorrect initialisation in StaleArtifact(),Incorrect system behaviour or safety-function failure originating in StaleArtifact (class),5,3,4,60,medium,src/impact/impact.hpp,21
FMEA-1422,make_fusa002,Unhandled error in make_fusa002(),Incorrect system behaviour or safety-function failure originating in make_fusa002 (function),5,3,4,60,medium,src/engine/rules.cpp,61
FMEA-1568,StaleArtifact,Exception propagation in StaleArtifact(),Incorrect system behaviour or safety-function failure originating in StaleArtifact (class),5,3,4,60,medium,src/impact/impact.hpp,21
FMEA-1569,ImpactReport,Incorrect initialisation in ImpactReport(),Incorrect system behaviour or safety-function failure originating in ImpactReport (class),5,3,4,60,medium,src/impact/impact.hpp,27
FMEA-1571,ImpactReport,Memory leak in ImpactReport(),Incorrect system behaviour or safety-function failure originating in ImpactReport (class),5,3,4,60,medium,src/impact/impact.hpp,27
FMEA-1572,ImpactReport,Exception propagation in ImpactReport(),Incorrect system behaviour or safety-function failure originating in ImpactReport (class),5,3,4,60,medium,src/impact/impact.hpp,27
FMEA-1573,render_text,Incorrect return value in render_text(),Incorrect system behaviour or safety-function failure originating in render_text (function),5,3,4,60,medium,src/impact/impact.hpp,39
FMEA-1574,render_text,Unhandled error in render_text(),Incorrect system behaviour or safety-function failure originating in render_text (function),5,3,4,60,medium,src/impact/impact.hpp,39
FMEA-1577,render_json,Incorrect return value in render_json(),Incorrect system behaviour or safety-function failure originating in render_json (function),5,3,4,60,medium,src/impact/impact.hpp,40
FMEA-1578,render_json,Unhandled error in render_json(),Incorrect system behaviour or safety-function failure originating in render_json (function),5,3,4,60,medium,src/impact/impact.hpp,40
FMEA-1581,is_safe_git_ref,Incorrect return value in is_safe_git_ref(),Incorrect system behaviour or safety-function failure originating in is_safe_git_ref (function),5,3,4,60,medium,src/impact/impact.cpp,33
FMEA-1582,is_safe_git_ref,Unhandled error in is_safe_git_ref(),Incorrect system behaviour or safety-function failure originating in is_safe_git_ref (function),5,3,4,60,medium,src/impact/impact.cpp,33
FMEA-1585,analyse,Incorrect return value in analyse(),Incorrect system behaviour or safety-function failure originating in analyse (function),5,3,4,60,medium,src/impact/impact.cpp,81
FMEA-1586,analyse,Unhandled error in analyse(),Incorrect system behaviour or safety-function failure originating in analyse (function),5,3,4,60,medium,src/impact/impact.cpp,81
FMEA-1589,render_text,Incorrect return value in render_text(),Incorrect system behaviour or safety-function failure originating in render_text (function),5,3,4,60,medium,src/impact/impact.cpp,129
FMEA-1590,render_text,Unhandled error in render_text(),Incorrect system behaviour or safety-function failure originating in render_text (function),5,3,4,60,medium,src/impact/impact.cpp,129
FMEA-1593,render_json,Incorrect return value in render_json(),Incorrect system behaviour or safety-function failure originating in render_json (function),5,3,4,60,medium,src/impact/impact.cpp,143
FMEA-1278,render_text,Unhandled error in render_text(),Incorrect system behaviour or safety-function failure originating in render_text (function),5,3,4,60,medium,src/iec61508/iec61508.hpp,43
FMEA-1255,Completeness,Memory leak in Completeness(),Incorrect system behaviour or safety-function failure originating in Completeness (class),5,3,4,60,medium,src/hara/hara.hpp,69
FMEA-1256,Completeness,Exception propagation in Completeness(),Incorrect system behaviour or safety-function failure originating in Completeness (class),5,3,4,60,medium,src/hara/hara.hpp,69
FMEA-1257,render_text,Incorrect return value in render_text(),Incorrect system behaviour or safety-function failure originating in render_text (function),5,3,4,60,medium,src/hara/hara.hpp,92
FMEA-1258,render_text,Unhandled error in render_text(),Incorrect system behaviour or safety-function failure originating in render_text (function),5,3,4,60,medium,src/hara/hara.hpp,92
FMEA-1261,parse_sil,Incorrect return value in parse_sil(),Incorrect system behaviour or safety-function failure originating in parse_sil (function),5,3,4,60,medium,src/iec61508/iec61508.hpp,12
FMEA-1262,parse_sil,Unhandled error in parse_sil(),Incorrect system behaviour or safety-function failure originating in parse_sil (function),5,3,4,60,medium,src/iec61508/iec61508.hpp,12
FMEA-1265,Objective,Incorrect initialisation in Objective(),Incorrect system behaviour or safety-function failure originating in Objective (class),5,3,4,60,medium,src/iec61508/iec61508.hpp,17
FMEA-1267,Objective,Memory leak in Objective(),Incorrect system behaviour or safety-function failure originating in Objective (class),5,3,4,60,medium,src/iec61508/iec61508.hpp,17
FMEA-1268,Objective,Exception propagation in Objective(),Incorrect system behaviour or safety-function failure originating in Objective (class),5,3,4,60,medium,src/iec61508/iec61508.hpp,17
FMEA-1269,Report,Incorrect initialisation in Report(),Incorrect system behaviour or safety-function failure originating in Report (class),5,3,4,60,medium,src/iec61508/iec61508.hpp,29
FMEA-1271,Report,Memory leak in Report(),Incorrect system behaviour or safety-function failure originating in Report (class),5,3,4,60,medium,src/iec61508/iec61508.hpp,29
FMEA-1272,Report,Exception propagation in Report(),Incorrect system behaviour or safety-function failure originating in Report (class),5,3,4,60,medium,src/iec61508/iec61508.hpp,29
FMEA-1273,write_json,Incorrect return value in write_json(),Incorrect system behaviour or safety-function failure originating in write_json (function),5,3,4,60,medium,src/iec61508/iec61508.hpp,42
FMEA-1274,write_json,Unhandled error in write_json(),Incorrect system behaviour or safety-function failure originating in write_json (function),5,3,4,60,medium,src/iec61508/iec61508.hpp,42
FMEA-1277,render_text,Incorrect return value in render_text(),Incorrect system behaviour or safety-function failure originating in render_text (function),5,3,4,60,medium,src/iec61508/iec61508.hpp,43
FMEA-1253,Completeness,Incorrect initialisation in Completeness(),Incorrect system behaviour or safety-function failure originating in Completeness (class),5,3,4,60,medium,src/hara/hara.hpp,69
FMEA-1281,parse_sil,Incorrect return value in parse_sil(),Incorrect system behaviour or safety-function failure originating in parse_sil (function),5,3,4,60,medium,src/iec61508/iec61508.cpp,15
FMEA-1282,parse_sil,Unhandled error in parse_sil(),Incorrect system behaviour or safety-function failure originating in parse_sil (function),5,3,4,60,medium,src/iec61508/iec61508.cpp,15
FMEA-1285,is_required,Incorrect return value in is_required(),Incorrect system behaviour or safety-function failure originating in is_required (function),5,3,4,60,medium,src/iec61508/iec61508.cpp,59
FMEA-1286,is_required,Unhandled error in is_required(),Incorrect system behaviour or safety-function failure originating in is_required (function),5,3,4,60,medium,src/iec61508/iec61508.cpp,59
FMEA-1289,detect_status,Incorrect return value in detect_status(),Incorrect system behaviour or safety-function failure originating in detect_status (function),5,3,4,60,medium,src/iec61508/iec61508.cpp,68
FMEA-1290,detect_status,Unhandled error in detect_status(),Incorrect system behaviour or safety-function failure originating in detect_status (function),5,3,4,60,medium,src/iec61508/iec61508.cpp,68
FMEA-1293,assess,Incorrect return value in assess(),Incorrect system behaviour or safety-function failure originating in assess (function),5,3,4,60,medium,src/iec61508/iec61508.cpp,98
FMEA-1294,assess,Unhandled error in assess(),Incorrect system behaviour or safety-function failure originating in assess (function),5,3,4,60,medium,src/iec61508/iec61508.cpp,98
FMEA-1297,write_json,Incorrect return value in write_json(),Incorrect system behaviour or safety-function failure originating in write_json (function),5,3,4,60,medium,src/iec61508/iec61508.cpp,123
FMEA-1298,write_json,Unhandled error in write_json(),Incorrect system behaviour or safety-function failure originating in write_json (function),5,3,4,60,medium,src/iec61508/iec61508.cpp,123
FMEA-1301,render_text,Incorrect return value in render_text(),Incorrect system behaviour or safety-function failure originating in render_text (function),5,3,4,60,medium,src/iec61508/iec61508.cpp,142
FMEA-1302,render_text,Unhandled error in render_text(),Incorrect system behaviour or safety-function failure originating in render_text (function),5,3,4,60,medium,src/iec61508/iec61508.cpp,142
FMEA-1305,feasibility_rank,Incorrect return value in feasibility_rank(),Incorrect system behaviour or safety-function failure originating in feasibility_rank (function),5,3,4,60,medium,src/tara/tara.cpp,26
FMEA-1306,feasibility_rank,Unhandled error in feasibility_rank(),Incorrect system behaviour or safety-function failure originating in feasibility_rank (function),5,3,4,60,medium,src/tara/tara.cpp,26
FMEA-1309,impact_rank,Incorrect return value in impact_rank(),Incorrect system behaviour or safety-function failure originating in impact_rank (function),5,3,4,60,medium,src/tara/tara.cpp,33
FMEA-1230,parse_controllability,Unhandled error in parse_controllability(),Incorrect system behaviour or safety-function failure originating in parse_controllability (function),5,3,4,60,medium,src/hara/hara.hpp,22
FMEA-1201,init,Incorrect return value in init(),Incorrect system behaviour or safety-function failure originating in init (function),5,3,4,60,medium,src/hara/hara.cpp,168
FMEA-1202,init,Unhandled error in init(),Incorrect system behaviour or safety-function failure originating in init (function),5,3,4,60,medium,src/hara/hara.cpp,168
FMEA-1205,save,Incorrect return value in save(),Incorrect system behaviour or safety-function failure originating in save (function),5,3,4,60,medium,src/hara/hara.cpp,180
FMEA-1206,save,Unhandled error in save(),Incorrect system behaviour or safety-function failure originating in save (function),5,3,4,60,medium,src/hara/hara.cpp,180
FMEA-1209,render_text,Incorrect return value in render_text(),Incorrect system behaviour or safety-function failure originating in render_text (function),5,3,4,60,medium,src/hara/hara.cpp,183
FMEA-1210,render_text,Unhandled error in render_text(),Incorrect system behaviour or safety-function failure originating in render_text (function),5,3,4,60,medium,src/hara/hara.cpp,183
FMEA-1213,compute_completeness,Incorrect return value in compute_completeness(),Incorrect system behaviour or safety-function failure originating in compute_completeness (function),5,3,4,60,medium,src/hara/hara.cpp,215
FMEA-1214,compute_completeness,Unhandled error in compute_completeness(),Incorrect system behaviour or safety-function failure originating in compute_completeness (function),5,3,4,60,medium,src/hara/hara.cpp,215
FMEA-1217,to_report_json,Incorrect return value in to_report_json(),Incorrect system behaviour or safety-function failure originating in to_report_json (function),5,3,4,60,medium,src/hara/hara.cpp,264
FMEA-1218,to_report_json,Unhandled error in to_report_json(),Incorrect system behaviour or safety-function failure originating in to_report_json (function),5,3,4,60,medium,src/hara/hara.cpp,264
FMEA-1221,parse_severity,Incorrect return value in parse_severity(),Incorrect system behaviour or safety-function failure originating in parse_severity (function),5,3,4,60,medium,src/hara/hara.hpp,20
FMEA-1222,parse_severity,Unhandled error in parse_severity(),Incorrect system behaviour or safety-function failure originating in parse_severity (function),5,3,4,60,medium,src/hara/hara.hpp,20
FMEA-1225,parse_exposure,Incorrect return value in parse_exposure(),Incorrect system behaviour or safety-function failure originating in parse_exposure (function),5,3,4,60,medium,src/hara/hara.hpp,21
FMEA-1226,parse_exposure,Unhandled error in parse_exposure(),Incorrect system behaviour or safety-function failure originating in parse_exposure (function),5,3,4,60,medium,src/hara/hara.hpp,21
FMEA-1229,parse_controllability,Incorrect return value in parse_controllability(),Incorrect system behaviour or safety-function failure originating in parse_controllability (function),5,3,4,60,medium,src/hara/hara.hpp,22
FMEA-1310,impact_rank,Unhandled error in impact_rank(),Incorrect system behaviour or safety-function failure originating in impact_rank (function),5,3,4,60,medium,src/tara/tara.cpp,33
FMEA-1233,RiskRating,Incorrect initialisation in RiskRating(),Incorrect system behaviour or safety-function failure originating in RiskRating (class),5,3,4,60,medium,src/hara/hara.hpp,24
FMEA-1235,RiskRating,Memory leak in RiskRating(),Incorrect system behaviour or safety-function failure originating in RiskRating (class),5,3,4,60,medium,src/hara/hara.hpp,24
FMEA-1236,RiskRating,Exception propagation in RiskRating(),Incorrect system behaviour or safety-function failure originating in RiskRating (class),5,3,4,60,medium,src/hara/hara.hpp,24
FMEA-1237,Hazard,Incorrect initialisation in Hazard(),Incorrect system behaviour or safety-function failure originating in Hazard (class),5,3,4,60,medium,src/hara/hara.hpp,33
FMEA-1239,Hazard,Memory leak in Hazard(),Incorrect system behaviour or safety-function failure originating in Hazard (class),5,3,4,60,medium,src/hara/hara.hpp,33
FMEA-1240,Hazard,Exception propagation in Hazard(),Incorrect system behaviour or safety-function failure originating in Hazard (class),5,3,4,60,medium,src/hara/hara.hpp,33
FMEA-1241,SafetyGoal,Incorrect initialisation in SafetyGoal(),Incorrect system behaviour or safety-function failure originating in SafetyGoal (class),5,3,4,60,medium,src/hara/hara.hpp,42
FMEA-1243,SafetyGoal,Memory leak in SafetyGoal(),Incorrect system behaviour or safety-function failure originating in SafetyGoal (class),5,3,4,60,medium,src/hara/hara.hpp,42
FMEA-1244,SafetyGoal,Exception propagation in SafetyGoal(),Incorrect system behaviour or safety-function failure originating in SafetyGoal (class),5,3,4,60,medium,src/hara/hara.hpp,42
FMEA-1245,OperationalSituation,Incorrect initialisation in OperationalSituation(),Incorrect system behaviour or safety-function failure originating in OperationalSituation (class),5,3,4,60,medium,src/hara/hara.hpp,53
FMEA-1247,OperationalSituation,Memory leak in OperationalSituation(),Incorrect system behaviour or safety-function failure originating in OperationalSituation (class),5,3,4,60,medium,src/hara/hara.hpp,53
FMEA-1248,OperationalSituation,Exception propagation in OperationalSituation(),Incorrect system behaviour or safety-function failure originating in OperationalSituation (class),5,3,4,60,medium,src/hara/hara.hpp,53
FMEA-1249,HARA,Incorrect initialisation in HARA(),Incorrect system behaviour or safety-function failure originating in HARA (class),5,3,4,60,medium,src/hara/hara.hpp,58
FMEA-1251,HARA,Memory leak in HARA(),Incorrect system behaviour or safety-function failure originating in HARA (class),5,3,4,60,medium,src/hara/hara.hpp,58
FMEA-1252,HARA,Exception propagation in HARA(),Incorrect system behaviour or safety-function failure originating in HARA (class),5,3,4,60,medium,src/hara/hara.hpp,58
FMEA-1395,Rule,Memory leak in Rule(),Incorrect system behaviour or safety-function failure originating in Rule (class),5,3,4,60,medium,src/engine/engine.hpp,25
FMEA-1366,make_iso26262002,Unhandled error in make_iso26262002(),Incorrect system behaviour or safety-function failure originating in make_iso26262002 (function),5,3,4,60,medium,src/engine/rules.hpp,24
FMEA-1369,make_iso26262003,Incorrect return value in make_iso26262003(),Incorrect system behaviour or safety-function failure originating in make_iso26262003 (function),5,3,4,60,medium,src/engine/rules.hpp,26
FMEA-1370,make_iso26262003,Unhandled error in make_iso26262003(),Incorrect system behaviour or safety-function failure originating in make_iso26262003 (function),5,3,4,60,medium,src/engine/rules.hpp,26
FMEA-1373,make_hara002,Incorrect return value in make_hara002(),Incorrect system behaviour or safety-function failure originating in make_hara002 (function),5,3,4,60,medium,src/engine/rules.hpp,28
FMEA-1374,make_hara002,Unhandled error in make_hara002(),Incorrect system behaviour or safety-function failure originating in make_hara002 (function),5,3,4,60,medium,src/engine/rules.hpp,28
FMEA-1377,make_hara003,Incorrect return value in make_hara003(),Incorrect system behaviour or safety-function failure originating in make_hara003 (function),5,3,4,60,medium,src/engine/rules.hpp,30
FMEA-1378,make_hara003,Unhandled error in make_hara003(),Incorrect system behaviour or safety-function failure originating in make_hara003 (function),5,3,4,60,medium,src/engine/rules.hpp,30
FMEA-1381,make_hara004,Incorrect return value in make_hara004(),Incorrect system behaviour or safety-function failure originating in make_hara004 (function),5,3,4,60,medium,src/engine/rules.hpp,32
FMEA-1382,make_hara004,Unhandled error in make_hara004(),Incorrect system behaviour or safety-function failure originating in make_hara004 (function),5,3,4,60,medium,src/engine/rules.hpp,32
FMEA-1385,make_verify002,Incorrect return value in make_verify002(),Incorrect system behaviour or safety-function failure originating in make_verify002 (function),5,3,4,60,medium,src/engine/rules.hpp,34
FMEA-1386,make_verify002,Unhandled error in make_verify002(),Incorrect system behaviour or safety-function failure originating in make_verify002 (function),5,3,4,60,medium,src/engine/rules.hpp,34
FMEA-1389,RuleInfo,Incorrect initialisation in RuleInfo(),Incorrect system behaviour or safety-function failure originating in RuleInfo (class),5,3,4,60,medium,src/engine/engine.hpp,14
FMEA-1391,RuleInfo,Memory leak in RuleInfo(),Incorrect system behaviour or safety-function failure originating in RuleInfo (class),5,3,4,60,medium,src/engine/engine.hpp,14
FMEA-1392,RuleInfo,Exception propagation in RuleInfo(),Incorrect system behaviour or safety-function failure originating in RuleInfo (class),5,3,4,60,medium,src/engine/engine.hpp,14
FMEA-1393,Rule,Incorrect initialisation in Rule(),Incorrect system behaviour or safety-function failure originating in Rule (class),5,3,4,60,medium,src/engine/engine.hpp,25
FMEA-1365,make_iso26262002,Incorrect return value in make_iso26262002(),Incorrect system behaviour or safety-function failure originating in make_iso26262002 (function),5,3,4,60,medium,src/engine/rules.hpp,24
FMEA-1396,Rule,Exception propagation in Rule(),Incorrect system behaviour or safety-function failure originating in Rule (class),5,3,4,60,medium,src/engine/engine.hpp,25
FMEA-1397,Engine,Incorrect initialisation in Engine(),Incorrect system behaviour or safety-function failure originating in Engine (class),5,3,4,60,medium,src/engine/engine.hpp,30
FMEA-1399,Engine,Memory leak in Engine(),Incorrect system behaviour or safety-function failure originating in Engine (class),5,3,4,60,medium,src/engine/engine.hpp,30
FMEA-1400,Engine,Exception propagation in Engine(),Incorrect system behaviour or safety-function failure originating in Engine (class),5,3,4,60,medium,src/engine/engine.hpp,30
FMEA-1401,register_rule,Incorrect return value in register_rule(),Incorrect system behaviour or safety-function failure originating in register_rule (function),5,3,4,60,medium,src/engine/engine.hpp,32
FMEA-1402,register_rule,Unhandled error in register_rule(),Incorrect system behaviour or safety-function failure originating in register_rule (function),5,3,4,60,medium,src/engine/engine.hpp,32
FMEA-1405,any_file,Incorrect return value in any_file(),Incorrect system behaviour or safety-function failure originating in any_file (function),5,3,4,60,medium,src/engine/rules.cpp,17
FMEA-1406,any_file,Unhandled error in any_file(),Incorrect system behaviour or safety-function failure originating in any_file (function),5,3,4,60,medium,src/engine/rules.cpp,17
FMEA-1409,source_contains,Incorrect return value in source_contains(),Incorrect system behaviour or safety-function failure originating in source_contains (function),5,3,4,60,medium,src/engine/rules.cpp,28
FMEA-1410,source_contains,Unhandled error in source_contains(),Incorrect system behaviour or safety-function failure originating in source_contains (function),5,3,4,60,medium,src/engine/rules.cpp,28
FMEA-1413,any_file,Incorrect return value in any_file(),Incorrect system behaviour or safety-function failure originating in any_file (function),5,3,4,60,medium,src/engine/rules.cpp,30
FMEA-1414,any_file,Unhandled error in any_file(),Incorrect system behaviour or safety-function failure originating in any_file (function),5,3,4,60,medium,src/engine/rules.cpp,30
FMEA-1417,make_fusa001,Incorrect return value in make_fusa001(),Incorrect system behaviour or safety-function failure originating in make_fusa001 (function),5,3,4,60,medium,src/engine/rules.cpp,45
FMEA-1418,make_fusa001,Unhandled error in make_fusa001(),Incorrect system behaviour or safety-function failure originating in make_fusa001 (function),5,3,4,60,medium,src/engine/rules.cpp,45
FMEA-1421,make_fusa002,Incorrect return value in make_fusa002(),Incorrect system behaviour or safety-function failure originating in make_fusa002 (function),5,3,4,60,medium,src/engine/rules.cpp,61
FMEA-1335,TARAReport,Memory leak in TARAReport(),Incorrect system behaviour or safety-function failure originating in TARAReport (class),5,3,4,60,medium,src/tara/tara.hpp,53
FMEA-1313,ScenarioSpec,Incorrect initialisation in ScenarioSpec(),Incorrect system behaviour or safety-function failure originating in ScenarioSpec (class),5,3,4,60,medium,src/tara/tara.cpp,68
FMEA-1315,ScenarioSpec,Memory leak in ScenarioSpec(),Incorrect system behaviour or safety-function failure originating in ScenarioSpec (class),5,3,4,60,medium,src/tara/tara.cpp,68
FMEA-1316,ScenarioSpec,Exception propagation in ScenarioSpec(),Incorrect system behaviour or safety-function failure originating in ScenarioSpec (class),5,3,4,60,medium,src/tara/tara.cpp,68
FMEA-1317,to_json,Incorrect return value in to_json(),Incorrect system behaviour or safety-function failure originating in to_json (function),5,3,4,60,medium,src/tara/tara.cpp,216
FMEA-1318,to_json,Unhandled error in to_json(),Incorrect system behaviour or safety-function failure originating in to_json (function),5,3,4,60,medium,src/tara/tara.cpp,216
FMEA-1321,SFOPImpact,Incorrect initialisation in SFOPImpact(),Incorrect system behaviour or safety-function failure originating in SFOPImpact (class),5,3,4,60,medium,src/tara/tara.hpp,20
FMEA-1323,SFOPImpact,Memory leak in SFOPImpact(),Incorrect system behaviour or safety-function failure originating in SFOPImpact (class),5,3,4,60,medium,src/tara/tara.hpp,20
FMEA-1324,SFOPImpact,Exception propagation in SFOPImpact(),Incorrect system behaviour or safety-function failure originating in SFOPImpact (class),5,3,4,60,medium,src/tara/tara.hpp,20
FMEA-1325,ThreatScenario,Incorrect initialisation in ThreatScenario(),Incorrect system behaviour or safety-function failure originating in ThreatScenario (class),5,3,4,60,medium,src/tara/tara.hpp,27
FMEA-1327,ThreatScenario,Memory leak in ThreatScenario(),Incorrect system behaviour or safety-function failure originating in ThreatScenario (class),5,3,4,60,medium,src/tara/tara.hpp,27
FMEA-1328,ThreatScenario,Exception propagation in ThreatScenario(),Incorrect system behaviour or safety-function failure originating in ThreatScenario (class),5,3,4,60,medium,src/tara/tara.hpp,27
FMEA-1329,Summary,Incorrect initialisation in Summary(),Incorrect system behaviour or safety-function failure originating in Summary (class),5,3,4,60,medium,src/tara/tara.hpp,43
FMEA-1331,Summary,Memory leak in Summary(),Incorrect system behaviour or safety-function failure originating in Summary (class),5,3,4,60,medium,src/tara/tara.hpp,43
FMEA-1332,Summary,Exception propagation in Summary(),Incorrect system behaviour or safety-function failure originating in Summary (class),5,3,4,60,medium,src/tara/tara.hpp,43
FMEA-1333,TARAReport,Incorrect initialisation in TARAReport(),Incorrect system behaviour or safety-function failure originating in TARAReport (class),5,3,4,60,medium,src/tara/tara.hpp,53
FMEA-1198,save,Unhandled error in save(),Incorrect system behaviour or safety-function failure originating in save (function),5,3,4,60,medium,src/hara/hara.cpp,158
FMEA-1336,TARAReport,Exception propagation in TARAReport(),Incorrect system behaviour or safety-function failure originating in TARAReport (class),5,3,4,60,medium,src/tara/tara.hpp,53
FMEA-1337,make_fusa001,Incorrect return value in make_fusa001(),Incorrect system behaviour or safety-function failure originating in make_fusa001 (function),5,3,4,60,medium,src/engine/rules.hpp,9
FMEA-1338,make_fusa001,Unhandled error in make_fusa001(),Incorrect system behaviour or safety-function failure originating in make_fusa001 (function),5,3,4,60,medium,src/engine/rules.hpp,9
FMEA-1341,make_fusa002,Incorrect return value in make_fusa002(),Incorrect system behaviour or safety-function failure originating in make_fusa002 (function),5,3,4,60,medium,src/engine/rules.hpp,11
FMEA-1342,make_fusa002,Unhandled error in make_fusa002(),Incorrect system behaviour or safety-function failure originating in make_fusa002 (function),5,3,4,60,medium,src/engine/rules.hpp,11
FMEA-1345,make_fusa003,Incorrect return value in make_fusa003(),Incorrect system behaviour or safety-function failure originating in make_fusa003 (function),5,3,4,60,medium,src/engine/rules.hpp,13
FMEA-1346,make_fusa003,Unhandled error in make_fusa003(),Incorrect system behaviour or safety-function failure originating in make_fusa003 (function),5,3,4,60,medium,src/engine/rules.hpp,13
FMEA-1349,make_fusa004,Incorrect return value in make_fusa004(),Incorrect system behaviour or safety-function failure originating in make_fusa004 (function),5,3,4,60,medium,src/engine/rules.hpp,15
FMEA-1350,make_fusa004,Unhandled error in make_fusa004(),Incorrect system behaviour or safety-function failure originating in make_fusa004 (function),5,3,4,60,medium,src/engine/rules.hpp,15
FMEA-1353,make_fusa005,Incorrect return value in make_fusa005(),Incorrect system behaviour or safety-function failure originating in make_fusa005 (function),5,3,4,60,medium,src/engine/rules.hpp,17
FMEA-1354,make_fusa005,Unhandled error in make_fusa005(),Incorrect system behaviour or safety-function failure originating in make_fusa005 (function),5,3,4,60,medium,src/engine/rules.hpp,17
FMEA-1357,make_coup003,Incorrect return value in make_coup003(),Incorrect system behaviour or safety-function failure originating in make_coup003 (function),5,3,4,60,medium,src/engine/rules.hpp,20
FMEA-1358,make_coup003,Unhandled error in make_coup003(),Incorrect system behaviour or safety-function failure originating in make_coup003 (function),5,3,4,60,medium,src/engine/rules.hpp,20
FMEA-1361,make_hara005,Incorrect return value in make_hara005(),Incorrect system behaviour or safety-function failure originating in make_hara005 (function),5,3,4,60,medium,src/engine/rules.hpp,22
FMEA-1362,make_hara005,Unhandled error in make_hara005(),Incorrect system behaviour or safety-function failure originating in make_hara005 (function),5,3,4,60,medium,src/engine/rules.hpp,22
FMEA-357,is_source,Incorrect return value in is_source(),Incorrect system behaviour or safety-function failure originating in is_source (function),5,3,4,60,medium,src/cyber/cyber.cpp,36
FMEA-375,DeclaredFunc,Memory leak in DeclaredFunc(),Incorrect system behaviour or safety-function failure originating in DeclaredFunc (class),5,3,4,60,medium,src/trace/trace.cpp,67
FMEA-373,DeclaredFunc,Incorrect initialisation in DeclaredFunc(),Incorrect system behaviour or safety-function failure originating in DeclaredFunc (class),5,3,4,60,medium,src/trace/trace.cpp,67
FMEA-370,is_func_exempt,Unhandled error in is_func_exempt(),Incorrect system behaviour or safety-function failure originating in is_func_exempt (function),5,3,4,60,medium,src/trace/trace.cpp,34
FMEA-369,is_func_exempt,Incorrect return value in is_func_exempt(),Incorrect system behaviour or safety-function failure originating in is_func_exempt (function),5,3,4,60,medium,src/trace/trace.cpp,34
FMEA-366,run,Unhandled error in run(),Incorrect system behaviour or safety-function failure originating in run (function),5,3,4,60,medium,src/cyber/cyber.cpp,178
FMEA-365,run,Incorrect return value in run(),Incorrect system behaviour or safety-function failure originating in run (function),5,3,4,60,medium,src/cyber/cyber.cpp,178
FMEA-362,is_excluded,Unhandled error in is_excluded(),Incorrect system behaviour or safety-function failure originating in is_excluded (function),5,3,4,60,medium,src/cyber/cyber.cpp,41
FMEA-361,is_excluded,Incorrect return value in is_excluded(),Incorrect system behaviour or safety-function failure originating in is_excluded (function),5,3,4,60,medium,src/cyber/cyber.cpp,41
FMEA-358,is_source,Unhandled error in is_source(),Incorrect system behaviour or safety-function failure originating in is_source (function),5,3,4,60,medium,src/cyber/cyber.cpp,36
FMEA-376,DeclaredFunc,Exception propagation in DeclaredFunc(),Incorrect system behaviour or safety-function failure originating in DeclaredFunc (class),5,3,4,60,medium,src/trace/trace.cpp,67
FMEA-356,Rule,Exception propagation in Rule(),Incorrect system behaviour or safety-function failure originating in Rule (class),5,3,4,60,medium,src/cyber/cyber.cpp,18
FMEA-355,Rule,Memory leak in Rule(),Incorrect system behaviour or safety-function failure originating in Rule (class),5,3,4,60,medium,src/cyber/cyber.cpp,18
FMEA-353,Rule,Incorrect initialisation in Rule(),Incorrect system behaviour or safety-function failure originating in Rule (class),5,3,4,60,medium,src/cyber/cyber.cpp,18
FMEA-350,run,Unhandled error in run(),Incorrect system behaviour or safety-function failure originating in run (function),5,3,4,60,medium,src/cyber/cyber.hpp,56
FMEA-349,run,Incorrect return value in run(),Incorrect system behaviour or safety-function failure originating in run (function),5,3,4,60,medium,src/cyber/cyber.hpp,56
FMEA-348,CyberReport,Exception propagation in CyberReport(),Incorrect system behaviour or safety-function failure originating in CyberReport (class),5,3,4,60,medium,src/cyber/cyber.hpp,47
FMEA-347,CyberReport,Memory leak in CyberReport(),Incorrect system behaviour or safety-function failure originating in CyberReport (class),5,3,4,60,medium,src/cyber/cyber.hpp,47
FMEA-345,CyberReport,Incorrect initialisation in CyberReport(),Incorrect system behaviour or safety-function failure originating in CyberReport (class),5,3,4,60,medium,src/cyber/cyber.hpp,47
FMEA-390,save_requirements,Unhandled error in save_requirements(),Incorrect system behaviour or safety-function failure originating in save_requirements (function),5,3,4,60,medium,src/trace/trace.cpp,761
FMEA-404,HLRViolation,Exception propagation in HLRViolation(),Incorrect system behaviour or safety-function failure originating in HLRViolation (class),5,3,4,60,medium,src/trace/trace.hpp,29
FMEA-403,HLRViolation,Memory leak in HLRViolation(),Incorrect system behaviour or safety-function failure originating in HLRViolation (class),5,3,4,60,medium,src/trace/trace.hpp,29
FMEA-401,HLRViolation,Incorrect initialisation in HLRViolation(),Incorrect system behaviour or safety-function failure originating in HLRViolation (class),5,3,4,60,medium,src/trace/trace.hpp,29
FMEA-400,Annotation,Exception propagation in Annotation(),Incorrect system behaviour or safety-function failure originating in Annotation (class),5,3,4,60,medium,src/trace/trace.hpp,22
FMEA-399,Annotation,Memory leak in Annotation(),Incorrect system behaviour or safety-function failure originating in Annotation (class),5,3,4,60,medium,src/trace/trace.hpp,22
FMEA-397,Annotation,Incorrect initialisation in Annotation(),Incorrect system behaviour or safety-function failure originating in Annotation (class),5,3,4,60,medium,src/trace/trace.hpp,22
FMEA-396,Requirement,Exception propagation in Requirement(),Incorrect system behaviour or safety-function failure originating in Requirement (class),5,3,4,60,medium,src/trace/trace.hpp,12
FMEA-395,Requirement,Memory leak in Requirement(),Incorrect system behaviour or safety-function failure originating in Requirement (class),5,3,4,60,medium,src/trace/trace.hpp,12
FMEA-393,Requirement,Incorrect initialisation in Requirement(),Incorrect system behaviour or safety-function failure originating in Requirement (class),5,3,4,60,medium,src/trace/trace.hpp,12
FMEA-344,CyberFinding,Exception propagation in CyberFinding(),Incorrect system behaviour or safety-function failure originating in CyberFinding (class),5,3,4,60,medium,src/cyber/cyber.hpp,37
FMEA-389,save_requirements,Incorrect return value in save_requirements(),Incorrect system behaviour or safety-function failure originating in save_requirements (function),5,3,4,60,medium,src/trace/trace.cpp,761
FMEA-386,scan_func_coverage,Unhandled error in scan_func_coverage(),Incorrect system behaviour or safety-function failure originating in scan_func_coverage (function),5,3,4,60,medium,src/trace/trace.cpp,219
FMEA-385,scan_func_coverage,Incorrect return value in scan_func_coverage(),Incorrect system behaviour or safety-function failure originating in scan_func_coverage (function),5,3,4,60,medium,src/trace/trace.cpp,219
FMEA-382,func_has_tag_above,Unhandled error in func_has_tag_above(),Incorrect system behaviour or safety-function failure originating in func_has_tag_above (function),5,3,4,60,medium,src/trace/trace.cpp,185
FMEA-381,func_has_tag_above,Incorrect return value in func_has_tag_above(),Incorrect system behaviour or safety-function failure originating in func_has_tag_above (function),5,3,4,60,medium,src/trace/trace.cpp,185
FMEA-380,Block,Exception propagation in Block(),Incorrect system behaviour or safety-function failure originating in Block (class),5,3,4,60,medium,src/trace/trace.cpp,101
FMEA-379,Block,Memory leak in Block(),Incorrect system behaviour or safety-function failure originating in Block (class),5,3,4,60,medium,src/trace/trace.cpp,101
FMEA-377,Block,Incorrect initialisation in Block(),Incorrect system behaviour or safety-function failure originating in Block (class),5,3,4,60,medium,src/trace/trace.cpp,101
FMEA-294,write_json,Unhandled error in write_json(),Incorrect system behaviour or safety-function failure originating in write_json (function),5,3,4,60,medium,src/vuln/vuln.hpp,35
FMEA-310,run_case,Unhandled error in run_case(),Incorrect system behaviour or safety-function failure originating in run_case (function),5,3,4,60,medium,src/qualify/qualify.cpp,157
FMEA-309,run_case,Incorrect return value in run_case(),Incorrect system behaviour or safety-function failure originating in run_case (function),5,3,4,60,medium,src/qualify/qualify.cpp,157
FMEA-306,sha256_hex,Unhandled error in sha256_hex(),Incorrect system behaviour or safety-function failure originating in sha256_hex (function),5,3,4,60,medium,src/qualify/qualify.cpp,152
FMEA-305,sha256_hex,Incorrect return value in sha256_hex(),Incorrect system behaviour or safety-function failure originating in sha256_hex (function),5,3,4,60,medium,src/qualify/qualify.cpp,152
FMEA-304,SHA256Ctx,Exception propagation in SHA256Ctx(),Incorrect system behaviour or safety-function failure originating in SHA256Ctx (class),5,3,4,60,medium,src/qualify/qualify.cpp,32
FMEA-303,SHA256Ctx,Memory leak in SHA256Ctx(),Incorrect system behaviour or safety-function failure originating in SHA256Ctx (class),5,3,4,60,medium,src/qualify/qualify.cpp,32
FMEA-301,SHA256Ctx,Incorrect initialisation in SHA256Ctx(),Incorrect system behaviour or safety-function failure originating in SHA256Ctx (class),5,3,4,60,medium,src/qualify/qualify.cpp,32
FMEA-298,render_text,Unhandled error in render_text(),Incorrect system behaviour or safety-function failure originating in render_text (function),5,3,4,60,medium,src/vuln/vuln.hpp,36
FMEA-297,render_text,Incorrect return value in render_text(),Incorrect system behaviour or safety-function failure originating in render_text (function),5,3,4,60,medium,src/vuln/vuln.hpp,36
FMEA-313,Case,Incorrect initialisation in Case(),Incorrect system behaviour or safety-function failure originating in Case (class),5,3,4,60,medium,src/qualify/qualify.hpp,17
FMEA-293,write_json,Incorrect return value in write_json(),Incorrect system behaviour or safety-function failure originating in write_json (function),5,3,4,60,medium,src/vuln/vuln.hpp,35
FMEA-292,VulnReport,Exception propagation in VulnReport(),Incorrect system behaviour or safety-function failure originating in VulnReport (class),5,3,4,60,medium,src/vuln/vuln.hpp,26
FMEA-291,VulnReport,Memory leak in VulnReport(),Incorrect system behaviour or safety-function failure originating in VulnReport (class),5,3,4,60,medium,src/vuln/vuln.hpp,26
FMEA-289,VulnReport,Incorrect initialisation in VulnReport(),Incorrect system behaviour or safety-function failure originating in VulnReport (class),5,3,4,60,medium,src/vuln/vuln.hpp,26
FMEA-288,VulnFinding,Exception propagation in VulnFinding(),Incorrect system behaviour or safety-function failure originating in VulnFinding (class),5,3,4,60,medium,src/vuln/vuln.hpp,17
FMEA-287,VulnFinding,Memory leak in VulnFinding(),Incorrect system behaviour or safety-function failure originating in VulnFinding (class),5,3,4,60,medium,src/vuln/vuln.hpp,17
FMEA-285,VulnFinding,Incorrect initialisation in VulnFinding(),Incorrect system behaviour or safety-function failure originating in VulnFinding (class),5,3,4,60,medium,src/vuln/vuln.hpp,17
FMEA-284,Dependency,Exception propagation in Dependency(),Incorrect system behaviour or safety-function failure originating in Dependency (class),5,3,4,60,medium,src/vuln/vuln.hpp,11
FMEA-325,for_each_source,Incorrect return value in for_each_source(),Incorrect system behaviour or safety-function failure originating in for_each_source (function),5,3,4,60,medium,src/lint/lint.cpp,30
FMEA-343,CyberFinding,Memory leak in CyberFinding(),Incorrect system behaviour or safety-function failure originating in CyberFinding (class),5,3,4,60,medium,src/cyber/cyber.hpp,37
FMEA-341,CyberFinding,Incorrect initialisation in CyberFinding(),Incorrect system behaviour or safety-function failure originating in CyberFinding (class),5,3,4,60,medium,src/cyber/cyber.hpp,37
FMEA-338,has_safe_state_above,Unhandled error in has_safe_state_above(),Incorrect system behaviour or safety-function failure originating in has_safe_state_above (function),5,3,4,60,medium,src/lint/lint.cpp,59
FMEA-337,has_safe_state_above,Incorrect return value in has_safe_state_above(),Incorrect system behaviour or safety-function failure originating in has_safe_state_above (function),5,3,4,60,medium,src/lint/lint.cpp,59
FMEA-334,file_suppressed,Unhandled error in file_suppressed(),Incorrect system behaviour or safety-function failure originating in file_suppressed (function),5,3,4,60,medium,src/lint/lint.cpp,50
FMEA-333,file_suppressed,Incorrect return value in file_suppressed(),Incorrect system behaviour or safety-function failure originating in file_suppressed (function),5,3,4,60,medium,src/lint/lint.cpp,50
FMEA-330,suppressed,Unhandled error in suppressed(),Incorrect system behaviour or safety-function failure originating in suppressed (function),5,3,4,60,medium,src/lint/lint.cpp,44
FMEA-329,suppressed,Incorrect return value in suppressed(),Incorrect system behaviour or safety-function failure originating in suppressed (function),5,3,4,60,medium,src/lint/lint.cpp,44
FMEA-326,for_each_source,Unhandled error in for_each_source(),Incorrect system behaviour or safety-function failure originating in for_each_source (function),5,3,4,60,medium,src/lint/lint.cpp,30
FMEA-405,DanglingTag,Incorrect initialisation in DanglingTag(),Incorrect system behaviour or safety-function failure originating in DanglingTag (class),5,3,4,60,medium,src/trace/trace.hpp,38
FMEA-324,QualifyReport,Exception propagation in QualifyReport(),Incorrect system behaviour or safety-function failure originating in QualifyReport (class),5,3,4,60,medium,src/qualify/qualify.hpp,33
FMEA-323,QualifyReport,Memory leak in QualifyReport(),Incorrect system behaviour or safety-function failure originating in QualifyReport (class),5,3,4,60,medium,src/qualify/qualify.hpp,33
FMEA-321,QualifyReport,Incorrect initialisation in QualifyReport(),Incorrect system behaviour or safety-function failure originating in QualifyReport (class),5,3,4,60,medium,src/qualify/qualify.hpp,33
FMEA-320,CaseResult,Exception propagation in CaseResult(),Incorrect system behaviour or safety-function failure originating in CaseResult (class),5,3,4,60,medium,src/qualify/qualify.hpp,26
FMEA-319,CaseResult,Memory leak in CaseResult(),Incorrect system behaviour or safety-function failure originating in CaseResult (class),5,3,4,60,medium,src/qualify/qualify.hpp,26
FMEA-317,CaseResult,Incorrect initialisation in CaseResult(),Incorrect system behaviour or safety-function failure originating in CaseResult (class),5,3,4,60,medium,src/qualify/qualify.hpp,26
FMEA-316,Case,Exception propagation in Case(),Incorrect system behaviour or safety-function failure originating in Case (class),5,3,4,60,medium,src/qualify/qualify.hpp,17
FMEA-315,Case,Memory leak in Case(),Incorrect system behaviour or safety-function failure originating in Case (class),5,3,4,60,medium,src/qualify/qualify.hpp,17
FMEA-481,write_json,Incorrect return value in write_json(),Incorrect system behaviour or safety-function failure originating in write_json (function),5,3,4,60,medium,src/do178/do178.hpp,41
FMEA-498,detect_status,Unhandled error in detect_status(),Incorrect system behaviour or safety-function failure originating in detect_status (function),5,3,4,60,medium,src/do178/do178.cpp,102
FMEA-497,detect_status,Incorrect return value in detect_status(),Incorrect system behaviour or safety-function failure originating in detect_status (function),5,3,4,60,medium,src/do178/do178.cpp,102
FMEA-494,is_required,Unhandled error in is_required(),Incorrect system behaviour or safety-function failure originating in is_required (function),5,3,4,60,medium,src/do178/do178.cpp,93
FMEA-493,is_required,Incorrect return value in is_required(),Incorrect system behaviour or safety-function failure originating in is_required (function),5,3,4,60,medium,src/do178/do178.cpp,93
FMEA-490,parse_dal,Unhandled error in parse_dal(),Incorrect system behaviour or safety-function failure originating in parse_dal (function),5,3,4,60,medium,src/do178/do178.cpp,15
FMEA-489,parse_dal,Incorrect return value in parse_dal(),Incorrect system behaviour or safety-function failure originating in parse_dal (function),5,3,4,60,medium,src/do178/do178.cpp,15
FMEA-486,render_text,Unhandled error in render_text(),Incorrect system behaviour or safety-function failure originating in render_text (function),5,3,4,60,medium,src/do178/do178.hpp,42
FMEA-485,render_text,Incorrect return value in render_text(),Incorrect system behaviour or safety-function failure originating in render_text (function),5,3,4,60,medium,src/do178/do178.hpp,42
FMEA-482,write_json,Unhandled error in write_json(),Incorrect system behaviour or safety-function failure originating in write_json (function),5,3,4,60,medium,src/do178/do178.hpp,41
FMEA-501,assess,Incorrect return value in assess(),Incorrect system behaviour or safety-function failure originating in assess (function),5,3,4,60,medium,src/do178/do178.cpp,143
FMEA-480,Report,Exception propagation in Report(),Incorrect system behaviour or safety-function failure originating in Report (class),5,3,4,60,medium,src/do178/do178.hpp,28
FMEA-479,Report,Memory leak in Report(),Incorrect system behaviour or safety-function failure originating in Report (class),5,3,4,60,medium,src/do178/do178.hpp,28
FMEA-477,Report,Incorrect initialisation in Report(),Incorrect system behaviour or safety-function failure originating in Report (class),5,3,4,60,medium,src/do178/do178.hpp,28
FMEA-476,Objective,Exception propagation in Objective(),Incorrect system behaviour or safety-function failure originating in Objective (class),5,3,4,60,medium,src/do178/do178.hpp,17
FMEA-475,Objective,Memory leak in Objective(),Incorrect system behaviour or safety-function failure originating in Objective (class),5,3,4,60,medium,src/do178/do178.hpp,17
FMEA-473,Objective,Incorrect initialisation in Objective(),Incorrect system behaviour or safety-function failure originating in Objective (class),5,3,4,60,medium,src/do178/do178.hpp,17
FMEA-470,parse_dal,Unhandled error in parse_dal(),Incorrect system behaviour or safety-function failure originating in parse_dal (function),5,3,4,60,medium,src/do178/do178.hpp,12
FMEA-469,parse_dal,Incorrect return value in parse_dal(),Incorrect system behaviour or safety-function failure originating in parse_dal (function),5,3,4,60,medium,src/do178/do178.hpp,12
FMEA-517,sha256_transform,Incorrect return value in sha256_transform(),Incorrect system behaviour or safety-function failure originating in sha256_transform (function),5,3,4,60,medium,src/quality/quality.cpp,47
FMEA-534,contains_ci,Unhandled error in contains_ci(),Incorrect system behaviour or safety-function failure originating in contains_ci (function),5,3,4,60,medium,src/quality/quality.cpp,112
FMEA-533,contains_ci,Incorrect return value in contains_ci(),Incorrect system behaviour or safety-function failure originating in contains_ci (function),5,3,4,60,medium,src/quality/quality.cpp,112
FMEA-530,sha256_final,Unhandled error in sha256_final(),Incorrect system behaviour or safety-function failure originating in sha256_final (function),5,3,4,60,medium,src/quality/quality.cpp,81
FMEA-529,sha256_final,Incorrect return value in sha256_final(),Incorrect system behaviour or safety-function failure originating in sha256_final (function),5,3,4,60,medium,src/quality/quality.cpp,81
FMEA-526,sha256_update,Unhandled error in sha256_update(),Incorrect system behaviour or safety-function failure originating in sha256_update (function),5,3,4,60,medium,src/quality/quality.cpp,70
FMEA-525,sha256_update,Incorrect return value in sha256_update(),Incorrect system behaviour or safety-function failure originating in sha256_update (function),5,3,4,60,medium,src/quality/quality.cpp,70
FMEA-522,sha256_init,Unhandled error in sha256_init(),Incorrect system behaviour or safety-function failure originating in sha256_init (function),5,3,4,60,medium,src/quality/quality.cpp,62
FMEA-521,sha256_init,Incorrect return value in sha256_init(),Incorrect system behaviour or safety-function failure originating in sha256_init (function),5,3,4,60,medium,src/quality/quality.cpp,62
FMEA-518,sha256_transform,Unhandled error in sha256_transform(),Incorrect system behaviour or safety-function failure originating in sha256_transform (function),5,3,4,60,medium,src/quality/quality.cpp,47
FMEA-466,render_text,Unhandled error in render_text(),Incorrect system behaviour or safety-function failure originating in render_text (function),5,3,4,60,medium,src/unece/unece.hpp,42
FMEA-516,Sha256Ctx,Exception propagation in Sha256Ctx(),Incorrect system behaviour or safety-function failure originating in Sha256Ctx (class),5,3,4,60,medium,src/quality/quality.cpp,21
FMEA-515,Sha256Ctx,Memory leak in Sha256Ctx(),Incorrect system behaviour or safety-function failure originating in Sha256Ctx (class),5,3,4,60,medium,src/quality/quality.cpp,21
FMEA-513,Sha256Ctx,Incorrect initialisation in Sha256Ctx(),Incorrect system behaviour or safety-function failure originating in Sha256Ctx (class),5,3,4,60,medium,src/quality/quality.cpp,21
FMEA-510,render_text,Unhandled error in render_text(),Incorrect system behaviour or safety-function failure originating in render_text (function),5,3,4,60,medium,src/do178/do178.cpp,187
FMEA-509,render_text,Incorrect return value in render_text(),Incorrect system behaviour or safety-function failure originating in render_text (function),5,3,4,60,medium,src/do178/do178.cpp,187
FMEA-506,write_json,Unhandled error in write_json(),Incorrect system behaviour or safety-function failure originating in write_json (function),5,3,4,60,medium,src/do178/do178.cpp,168
FMEA-505,write_json,Incorrect return value in write_json(),Incorrect system behaviour or safety-function failure originating in write_json (function),5,3,4,60,medium,src/do178/do178.cpp,168
FMEA-502,assess,Unhandled error in assess(),Incorrect system behaviour or safety-function failure originating in assess (function),5,3,4,60,medium,src/do178/do178.cpp,143
FMEA-417,TraceOptions,Incorrect initialisation in TraceOptions(),Incorrect system behaviour or safety-function failure originating in TraceOptions (class),5,3,4,60,medium,src/trace/trace.hpp,83
FMEA-433,build_report,Incorrect return value in build_report(),Incorrect system behaviour or safety-function failure originating in build_report (function),5,3,4,60,medium,src/unece/unece.cpp,145
FMEA-430,assess_r155,Unhandled error in assess_r155(),Incorrect system behaviour or safety-function failure originating in assess_r155 (function),5,3,4,60,medium,src/unece/unece.cpp,144
FMEA-429,assess_r155,Incorrect return value in assess_r155(),Incorrect system behaviour or safety-function failure originating in assess_r155 (function),5,3,4,60,medium,src/unece/unece.cpp,144
FMEA-426,build_report,Unhandled error in build_report(),Incorrect system behaviour or safety-function failure originating in build_report (function),5,3,4,60,medium,src/unece/unece.cpp,119
FMEA-425,build_report,Incorrect return value in build_report(),Incorrect system behaviour or safety-function failure originating in build_report (function),5,3,4,60,medium,src/unece/unece.cpp,119
FMEA-422,detect_status,Unhandled error in detect_status(),Incorrect system behaviour or safety-function failure originating in detect_status (function),5,3,4,60,medium,src/unece/unece.cpp,40
FMEA-421,detect_status,Incorrect return value in detect_status(),Incorrect system behaviour or safety-function failure originating in detect_status (function),5,3,4,60,medium,src/unece/unece.cpp,40
FMEA-420,TraceOptions,Exception propagation in TraceOptions(),Incorrect system behaviour or safety-function failure originating in TraceOptions (class),5,3,4,60,medium,src/trace/trace.hpp,83
FMEA-419,TraceOptions,Memory leak in TraceOptions(),Incorrect system behaviour or safety-function failure originating in TraceOptions (class),5,3,4,60,medium,src/trace/trace.hpp,83
FMEA-434,build_report,Unhandled error in build_report(),Incorrect system behaviour or safety-function failure originating in build_report (function),5,3,4,60,medium,src/unece/unece.cpp,145
FMEA-416,TraceResult,Exception propagation in TraceResult(),Incorrect system behaviour or safety-function failure originating in TraceResult (class),5,3,4,60,medium,src/trace/trace.hpp,57
FMEA-415,TraceResult,Memory leak in TraceResult(),Incorrect system behaviour or safety-function failure originating in TraceResult (class),5,3,4,60,medium,src/trace/trace.hpp,57
FMEA-413,TraceResult,Incorrect initialisation in TraceResult(),Incorrect system behaviour or safety-function failure originating in TraceResult (class),5,3,4,60,medium,src/trace/trace.hpp,57
FMEA-412,FuncCoverage,Exception propagation in FuncCoverage(),Incorrect system behaviour or safety-function failure originating in FuncCoverage (class),5,3,4,60,medium,src/trace/trace.hpp,50
FMEA-411,FuncCoverage,Memory leak in FuncCoverage(),Incorrect system behaviour or safety-function failure originating in FuncCoverage (class),5,3,4,60,medium,src/trace/trace.hpp,50
FMEA-409,FuncCoverage,Incorrect initialisation in FuncCoverage(),Incorrect system behaviour or safety-function failure originating in FuncCoverage (class),5,3,4,60,medium,src/trace/trace.hpp,50
FMEA-408,DanglingTag,Exception propagation in DanglingTag(),Incorrect system behaviour or safety-function failure originating in DanglingTag (class),5,3,4,60,medium,src/trace/trace.hpp,38
FMEA-407,DanglingTag,Memory leak in DanglingTag(),Incorrect system behaviour or safety-function failure originating in DanglingTag (class),5,3,4,60,medium,src/trace/trace.hpp,38
FMEA-453,Threat,Incorrect initialisation in Threat(),Incorrect system behaviour or safety-function failure originating in Threat (class),5,3,4,60,medium,src/unece/unece.hpp,14
FMEA-465,render_text,Incorrect return value in render_text(),Incorrect system behaviour or safety-function failure originating in render_text (function),5,3,4,60,medium,src/unece/unece.hpp,42
FMEA-462,write_json,Unhandled error in write_json(),Incorrect system behaviour or safety-function failure originating in write_json (function),5,3,4,60,medium,src/unece/unece.hpp,41
FMEA-461,write_json,Incorrect return value in write_json(),Incorrect system behaviour or safety-function failure originating in write_json (function),5,3,4,60,medium,src/unece/unece.hpp,41
FMEA-460,Report,Exception propagation in Report(),Incorrect system behaviour or safety-function failure originating in Report (class),5,3,4,60,medium,src/unece/unece.hpp,26
FMEA-459,Report,Memory leak in Report(),Incorrect system behaviour or safety-function failure originating in Report (class),5,3,4,60,medium,src/unece/unece.hpp,26
FMEA-457,Report,Incorrect initialisation in Report(),Incorrect system behaviour or safety-function failure originating in Report (class),5,3,4,60,medium,src/unece/unece.hpp,26
FMEA-456,Threat,Exception propagation in Threat(),Incorrect system behaviour or safety-function failure originating in Threat (class),5,3,4,60,medium,src/unece/unece.hpp,14
FMEA-455,Threat,Memory leak in Threat(),Incorrect system behaviour or safety-function failure originating in Threat (class),5,3,4,60,medium,src/unece/unece.hpp,14
FMEA-283,Dependency,Memory leak in Dependency(),Incorrect system behaviour or safety-function failure originating in Dependency (class),5,3,4,60,medium,src/vuln/vuln.hpp,11
FMEA-450,render_text,Unhandled error in render_text(),Incorrect system behaviour or safety-function failure originating in render_text (function),5,3,4,60,medium,src/unece/unece.cpp,185
FMEA-449,render_text,Incorrect return value in render_text(),Incorrect system behaviour or safety-function failure originating in render_text (function),5,3,4,60,medium,src/unece/unece.cpp,185
FMEA-446,write_json,Unhandled error in write_json(),Incorrect system behaviour or safety-function failure originating in write_json (function),5,3,4,60,medium,src/unece/unece.cpp,153
FMEA-445,write_json,Incorrect return value in write_json(),Incorrect system behaviour or safety-function failure originating in write_json (function),5,3,4,60,medium,src/unece/unece.cpp,153
FMEA-442,build_report,Unhandled error in build_report(),Incorrect system behaviour or safety-function failure originating in build_report (function),5,3,4,60,medium,src/unece/unece.cpp,150
FMEA-441,build_report,Incorrect return value in build_report(),Incorrect system behaviour or safety-function failure originating in build_report (function),5,3,4,60,medium,src/unece/unece.cpp,150
FMEA-438,assess_r156,Unhandled error in assess_r156(),Incorrect system behaviour or safety-function failure originating in assess_r156 (function),5,3,4,60,medium,src/unece/unece.cpp,149
FMEA-437,assess_r156,Incorrect return value in assess_r156(),Incorrect system behaviour or safety-function failure originating in assess_r156 (function),5,3,4,60,medium,src/unece/unece.cpp,149
FMEA-89,render_entries,Incorrect return value in render_entries(),Incorrect system behaviour or safety-function failure originating in render_entries (function),5,3,4,60,medium,src/disposition/disposition.cpp,71
FMEA-106,is_required,Unhandled error in is_required(),Incorrect system behaviour or safety-function failure originating in is_required (function),5,3,4,60,medium,src/iec62443/iec62443.cpp,107
FMEA-105,is_required,Incorrect return value in is_required(),Incorrect system behaviour or safety-function failure originating in is_required (function),5,3,4,60,medium,src/iec62443/iec62443.cpp,107
FMEA-102,detect_status,Unhandled error in detect_status(),Incorrect system behaviour or safety-function failure originating in detect_status (function),5,3,4,60,medium,src/iec62443/iec62443.cpp,94
FMEA-101,detect_status,Incorrect return value in detect_status(),Incorrect system behaviour or safety-function failure originating in detect_status (function),5,3,4,60,medium,src/iec62443/iec62443.cpp,94
FMEA-98,parse_sl,Unhandled error in parse_sl(),Incorrect system behaviour or safety-function failure originating in parse_sl (function),5,3,4,60,medium,src/iec62443/iec62443.cpp,16
FMEA-97,parse_sl,Incorrect return value in parse_sl(),Incorrect system behaviour or safety-function failure originating in parse_sl (function),5,3,4,60,medium,src/iec62443/iec62443.cpp,16
FMEA-94,find_by_rule,Unhandled error in find_by_rule(),Incorrect system behaviour or safety-function failure originating in find_by_rule (function),5,3,4,60,medium,src/disposition/disposition.cpp,90
FMEA-93,find_by_rule,Incorrect return value in find_by_rule(),Incorrect system behaviour or safety-function failure originating in find_by_rule (function),5,3,4,60,medium,src/disposition/disposition.cpp,90
FMEA-90,render_entries,Unhandled error in render_entries(),Incorrect system behaviour or safety-function failure originating in render_entries (function),5,3,4,60,medium,src/disposition/disposition.cpp,71
FMEA-109,assess,Incorrect return value in assess(),Incorrect system behaviour or safety-function failure originating in assess (function),5,3,4,60,medium,src/iec62443/iec62443.cpp,119
FMEA-86,add,Unhandled error in add(),Incorrect system behaviour or safety-function failure originating in add (function),5,3,4,60,medium,src/disposition/disposition.cpp,62
FMEA-85,add,Incorrect return value in add(),Incorrect system behaviour or safety-function failure originating in add (function),5,3,4,60,medium,src/disposition/disposition.cpp,62
FMEA-82,save,Unhandled error in save(),Incorrect system behaviour or safety-function failure originating in save (function),5,3,4,60,medium,src/disposition/disposition.cpp,42
FMEA-81,save,Incorrect return value in save(),Incorrect system behaviour or safety-function failure originating in save (function),5,3,4,60,medium,src/disposition/disposition.cpp,42
FMEA-78,load,Unhandled error in load(),Incorrect system behaviour or safety-function failure originating in load (function),5,3,4,60,medium,src/disposition/disposition.cpp,19
FMEA-77,load,Incorrect return value in load(),Incorrect system behaviour or safety-function failure originating in load (function),5,3,4,60,medium,src/disposition/disposition.cpp,19
FMEA-74,parse_action,Unhandled error in parse_action(),Incorrect system behaviour or safety-function failure originating in parse_action (function),5,3,4,60,medium,src/disposition/disposition.cpp,16
FMEA-73,parse_action,Incorrect return value in parse_action(),Incorrect system behaviour or safety-function failure originating in parse_action (function),5,3,4,60,medium,src/disposition/disposition.cpp,16
FMEA-127,Check,Memory leak in Check(),Incorrect system behaviour or safety-function failure originating in Check (class),5,3,4,60,medium,src/iec62443/iec62443.hpp,18
FMEA-141,parse_cal,Incorrect return value in parse_cal(),Incorrect system behaviour or safety-function failure originating in parse_cal (function),5,3,4,60,medium,src/iso21434/iso21434.hpp,12
FMEA-138,render_text,Unhandled error in render_text(),Incorrect system behaviour or safety-function failure originating in render_text (function),5,3,4,60,medium,src/iec62443/iec62443.hpp,44
FMEA-137,render_text,Incorrect return value in render_text(),Incorrect system behaviour or safety-function failure originating in render_text (function),5,3,4,60,medium,src/iec62443/iec62443.hpp,44
FMEA-134,write_json,Unhandled error in write_json(),Incorrect system behaviour or safety-function failure originating in write_json (function),5,3,4,60,medium,src/iec62443/iec62443.hpp,43
FMEA-133,write_json,Incorrect return value in write_json(),Incorrect system behaviour or safety-function failure originating in write_json (function),5,3,4,60,medium,src/iec62443/iec62443.hpp,43
FMEA-132,Report,Exception propagation in Report(),Incorrect system behaviour or safety-function failure originating in Report (class),5,3,4,60,medium,src/iec62443/iec62443.hpp,30
FMEA-131,Report,Memory leak in Report(),Incorrect system behaviour or safety-function failure originating in Report (class),5,3,4,60,medium,src/iec62443/iec62443.hpp,30
FMEA-129,Report,Incorrect initialisation in Report(),Incorrect system behaviour or safety-function failure originating in Report (class),5,3,4,60,medium,src/iec62443/iec62443.hpp,30
FMEA-128,Check,Exception propagation in Check(),Incorrect system behaviour or safety-function failure originating in Check (class),5,3,4,60,medium,src/iec62443/iec62443.hpp,18
FMEA-70,find_by_rule,Unhandled error in find_by_rule(),Incorrect system behaviour or safety-function failure originating in find_by_rule (function),5,3,4,60,medium,src/disposition/disposition.hpp,32
FMEA-125,Check,Incorrect initialisation in Check(),Incorrect system behaviour or safety-function failure originating in Check (class),5,3,4,60,medium,src/iec62443/iec62443.hpp,18
FMEA-122,parse_sl,Unhandled error in parse_sl(),Incorrect system behaviour or safety-function failure originating in parse_sl (function),5,3,4,60,medium,src/iec62443/iec62443.hpp,12
FMEA-121,parse_sl,Incorrect return value in parse_sl(),Incorrect system behaviour or safety-function failure originating in parse_sl (function),5,3,4,60,medium,src/iec62443/iec62443.hpp,12
FMEA-118,render_text,Unhandled error in render_text(),Incorrect system behaviour or safety-function failure originating in render_text (function),5,3,4,60,medium,src/iec62443/iec62443.cpp,169
FMEA-117,render_text,Incorrect return value in render_text(),Incorrect system behaviour or safety-function failure originating in render_text (function),5,3,4,60,medium,src/iec62443/iec62443.cpp,169
FMEA-114,write_json,Unhandled error in write_json(),Incorrect system behaviour or safety-function failure originating in write_json (function),5,3,4,60,medium,src/iec62443/iec62443.cpp,144
FMEA-113,write_json,Incorrect return value in write_json(),Incorrect system behaviour or safety-function failure originating in write_json (function),5,3,4,60,medium,src/iec62443/iec62443.cpp,144
FMEA-110,assess,Unhandled error in assess(),Incorrect system behaviour or safety-function failure originating in assess (function),5,3,4,60,medium,src/iec62443/iec62443.cpp,119
FMEA-17,REQUIRE_FALSE,Incorrect return value in REQUIRE_FALSE(),Incorrect system behaviour or safety-function failure originating in REQUIRE_FALSE (function),5,3,4,60,medium,tests/test_verify.cpp,149
FMEA-34,g,Unhandled error in g(),Incorrect system behaviour or safety-function failure originating in g (function),5,3,4,60,medium,tests/test_runtime.cpp,57
FMEA-33,g,Incorrect return value in g(),Incorrect system behaviour or safety-function failure originating in g (function),5,3,4,60,medium,tests/test_runtime.cpp,57
FMEA-30,g,Unhandled error in g(),Incorrect system behaviour or safety-function failure originating in g (function),5,3,4,60,medium,tests/test_runtime.cpp,48
FMEA-29,g,Incorrect return value in g(),Incorrect system behaviour or safety-function failure originating in g (function),5,3,4,60,medium,tests/test_runtime.cpp,48
FMEA-26,wd,Unhandled error in wd(),Incorrect system behaviour or safety-function failure originating in wd (function),5,3,4,60,medium,tests/test_runtime.cpp,29
FMEA-25,wd,Incorrect return value in wd(),Incorrect system behaviour or safety-function failure originating in wd (function),5,3,4,60,medium,tests/test_runtime.cpp,29
FMEA-22,wd,Unhandled error in wd(),Incorrect system behaviour or safety-function failure originating in wd (function),5,3,4,60,medium,tests/test_runtime.cpp,19
FMEA-21,wd,Incorrect return value in wd(),Incorrect system behaviour or safety-function failure originating in wd (function),5,3,4,60,medium,tests/test_runtime.cpp,19
FMEA-18,REQUIRE_FALSE,Unhandled error in REQUIRE_FALSE(),Incorrect system behaviour or safety-function failure originating in REQUIRE_FALSE (function),5,3,4,60,medium,tests/test_verify.cpp,149
FMEA-37,hb,Incorrect return value in hb(),Incorrect system behaviour or safety-function failure originating in hb (function),5,3,4,60,medium,tests/test_runtime.cpp,77
FMEA-14,REQUIRE_FALSE,Unhandled error in REQUIRE_FALSE(),Incorrect system behaviour or safety-function failure originating in REQUIRE_FALSE (function),5,3,4,60,medium,tests/test_verify.cpp,121
FMEA-13,REQUIRE_FALSE,Incorrect return value in REQUIRE_FALSE(),Incorrect system behaviour or safety-function failure originating in REQUIRE_FALSE (function),5,3,4,60,medium,tests/test_verify.cpp,121
FMEA-10,make_finding,Unhandled error in make_finding(),Incorrect system behaviour or safety-function failure originating in make_finding (function),5,3,4,60,medium,tests/test_report.cpp,30
FMEA-9,make_finding,Incorrect return value in make_finding(),Incorrect system behaviour or safety-function failure originating in make_finding (function),5,3,4,60,medium,tests/test_report.cpp,30
FMEA-8,Finding,Exception propagation in Finding(),Incorrect system behaviour or safety-function failure originating in Finding (class),5,3,4,60,medium,include/cpfusa/fusa.hpp,26
FMEA-7,Finding,Memory leak in Finding(),Incorrect system behaviour or safety-function failure originating in Finding (class),5,3,4,60,medium,include/cpfusa/fusa.hpp,26
FMEA-5,Finding,Incorrect initialisation in Finding(),Incorrect system behaviour or safety-function failure originating in Finding (class),5,3,4,60,medium,include/cpfusa/fusa.hpp,26
FMEA-2,main,Unhandled error in main(),Incorrect system behaviour or safety-function failure originating in main (function),5,3,4,60,medium,build-test/CMakeFiles/4.3.3/CompilerIdCXX/CMakeCXXCompilerId.cpp,924
FMEA-55,Entry,Memory leak in Entry(),Incorrect system behaviour or safety-function failure originating in Entry (class),5,3,4,60,medium,src/disposition/disposition.hpp,15
FMEA-69,find_by_rule,Incorrect return value in find_by_rule(),Incorrect system behaviour or safety-function failure originating in find_by_rule (function),5,3,4,60,medium,src/disposition/disposition.hpp,32
FMEA-66,render_entries,Unhandled error in render_entries(),Incorrect system behaviour or safety-function failure originating in render_entries (function),5,3,4,60,medium,src/disposition/disposition.hpp,31
FMEA-65,render_entries,Incorrect return value in render_entries(),Incorrect system behaviour or safety-function failure originating in render_entries (function),5,3,4,60,medium,src/disposition/disposition.hpp,31
FMEA-62,add,Unhandled error in add(),Incorrect system behaviour or safety-function failure originating in add (function),5,3,4,60,medium,src/disposition/disposition.hpp,30
FMEA-61,add,Incorrect return value in add(),Incorrect system behaviour or safety-function failure originating in add (function),5,3,4,60,medium,src/disposition/disposition.hpp,30
FMEA-60,Log,Exception propagation in Log(),Incorrect system behaviour or safety-function failure originating in Log (class),5,3,4,60,medium,src/disposition/disposition.hpp,24
FMEA-59,Log,Memory leak in Log(),Incorrect system behaviour or safety-function failure originating in Log (class),5,3,4,60,medium,src/disposition/disposition.hpp,24
FMEA-57,Log,Incorrect initialisation in Log(),Incorrect system behaviour or safety-function failure originating in Log (class),5,3,4,60,medium,src/disposition/disposition.hpp,24
FMEA-56,Entry,Exception propagation in Entry(),Incorrect system behaviour or safety-function failure originating in Entry (class),5,3,4,60,medium,src/disposition/disposition.hpp,15
FMEA-142,parse_cal,Unhandled error in parse_cal(),Incorrect system behaviour or safety-function failure originating in parse_cal (function),5,3,4,60,medium,src/iso21434/iso21434.hpp,12
FMEA-53,Entry,Incorrect initialisation in Entry(),Incorrect system behaviour or safety-function failure originating in Entry (class),5,3,4,60,medium,src/disposition/disposition.hpp,15
FMEA-50,parse_action,Unhandled error in parse_action(),Incorrect system behaviour or safety-function failure originating in parse_action (function),5,3,4,60,medium,src/disposition/disposition.hpp,13
FMEA-49,parse_action,Incorrect return value in parse_action(),Incorrect system behaviour or safety-function failure originating in parse_action (function),5,3,4,60,medium,src/disposition/disposition.hpp,13
FMEA-46,main,Unhandled error in main(),Incorrect system behaviour or safety-function failure originating in main (function),5,3,4,60,medium,build-audit/CMakeFiles/4.3.3/CompilerIdCXX/CMakeCXXCompilerId.cpp,924
FMEA-45,main,Incorrect return value in main(),Incorrect system behaviour or safety-function failure originating in main (function),5,3,4,60,medium,build-audit/CMakeFiles/4.3.3/CompilerIdCXX/CMakeCXXCompilerId.cpp,924
FMEA-42,hb,Unhandled error in hb(),Incorrect system behaviour or safety-function failure originating in hb (function),5,3,4,60,medium,tests/test_runtime.cpp,89
FMEA-41,hb,Incorrect return value in hb(),Incorrect system behaviour or safety-function failure originating in hb (function),5,3,4,60,medium,tests/test_runtime.cpp,89
FMEA-38,hb,Unhandled error in hb(),Incorrect system behaviour or safety-function failure originating in hb (function),5,3,4,60,medium,tests/test_runtime.cpp,77
FMEA-226,render_text,Unhandled error in render_text(),Incorrect system behaviour or safety-function failure originating in render_text (function),5,3,4,60,medium,src/metrics/metrics.hpp,31
FMEA-245,print_err,Incorrect return value in print_err(),Incorrect system behaviour or safety-function failure originating in print_err (function),5,3,4,60,medium,src/cmd/cli.cpp,79
FMEA-242,print_ok,Unhandled error in print_ok(),Incorrect system behaviour or safety-function failure originating in print_ok (function),5,3,4,60,medium,src/cmd/cli.cpp,78
FMEA-241,print_ok,Incorrect return value in print_ok(),Incorrect system behaviour or safety-function failure originating in print_ok (function),5,3,4,60,medium,src/cmd/cli.cpp,78
FMEA-238,value_of,Unhandled error in value_of(),Incorrect system behaviour or safety-function failure originating in value_of (function),5,3,4,60,medium,src/cmd/cli.cpp,75
FMEA-237,value_of,Incorrect return value in value_of(),Incorrect system behaviour or safety-function failure originating in value_of (function),5,3,4,60,medium,src/cmd/cli.cpp,75
FMEA-234,run,Unhandled error in run(),Incorrect system behaviour or safety-function failure originating in run (function),5,3,4,60,medium,src/cmd/cli.hpp,8
FMEA-233,run,Incorrect return value in run(),Incorrect system behaviour or safety-function failure originating in run (function),5,3,4,60,medium,src/cmd/cli.hpp,8
FMEA-230,render_json,Unhandled error in render_json(),Incorrect system behaviour or safety-function failure originating in render_json (function),5,3,4,60,medium,src/metrics/metrics.hpp,32
FMEA-229,render_json,Incorrect return value in render_json(),Incorrect system behaviour or safety-function failure originating in render_json (function),5,3,4,60,medium,src/metrics/metrics.hpp,32
FMEA-246,print_err,Unhandled error in print_err(),Incorrect system behaviour or safety-function failure originating in print_err (function),5,3,4,60,medium,src/cmd/cli.cpp,79
FMEA-225,render_text,Incorrect return value in render_text(),Incorrect system behaviour or safety-function failure originating in render_text (function),5,3,4,60,medium,src/metrics/metrics.hpp,31
FMEA-222,save,Unhandled error in save(),Incorrect system behaviour or safety-function failure originating in save (function),5,3,4,60,medium,src/metrics/metrics.hpp,30
FMEA-221,save,Incorrect return value in save(),Incorrect system behaviour or safety-function failure originating in save (function),5,3,4,60,medium,src/metrics/metrics.hpp,30
FMEA-218,append,Unhandled error in append(),Incorrect system behaviour or safety-function failure originating in append (function),5,3,4,60,medium,src/metrics/metrics.hpp,29
FMEA-217,append,Incorrect return value in append(),Incorrect system behaviour or safety-function failure originating in append (function),5,3,4,60,medium,src/metrics/metrics.hpp,29
FMEA-216,TimeSeries,Exception propagation in TimeSeries(),Incorrect system behaviour or safety-function failure originating in TimeSeries (class),5,3,4,60,medium,src/metrics/metrics.hpp,22
FMEA-215,TimeSeries,Memory leak in TimeSeries(),Incorrect system behaviour or safety-function failure originating in TimeSeries (class),5,3,4,60,medium,src/metrics/metrics.hpp,22
FMEA-213,TimeSeries,Incorrect initialisation in TimeSeries(),Incorrect system behaviour or safety-function failure originating in TimeSeries (class),5,3,4,60,medium,src/metrics/metrics.hpp,22
FMEA-262,version_less,Unhandled error in version_less(),Incorrect system behaviour or safety-function failure originating in version_less (function),5,3,4,60,medium,src/vuln/vuln.cpp,48
FMEA-281,Dependency,Incorrect initialisation in Dependency(),Incorrect system behaviour or safety-function failure originating in Dependency (class),5,3,4,60,medium,src/vuln/vuln.hpp,11
FMEA-278,render_text,Unhandled error in render_text(),Incorrect system behaviour or safety-function failure originating in render_text (function),5,3,4,60,medium,src/vuln/vuln.cpp,126
FMEA-277,render_text,Incorrect return value in render_text(),Incorrect system behaviour or safety-function failure originating in render_text (function),5,3,4,60,medium,src/vuln/vuln.cpp,126
FMEA-274,write_json,Unhandled error in write_json(),Incorrect system behaviour or safety-function failure originating in write_json (function),5,3,4,60,medium,src/vuln/vuln.cpp,106
FMEA-273,write_json,Incorrect return value in write_json(),Incorrect system behaviour or safety-function failure originating in write_json (function),5,3,4,60,medium,src/vuln/vuln.cpp,106
FMEA-270,scan,Unhandled error in scan(),Incorrect system behaviour or safety-function failure originating in scan (function),5,3,4,60,medium,src/vuln/vuln.cpp,83
FMEA-269,scan,Incorrect return value in scan(),Incorrect system behaviour or safety-function failure originating in scan (function),5,3,4,60,medium,src/vuln/vuln.cpp,83
FMEA-266,parse_ver,Unhandled error in parse_ver(),Incorrect system behaviour or safety-function failure originating in parse_ver (function),5,3,4,60,medium,src/vuln/vuln.cpp,54
FMEA-265,parse_ver,Incorrect return value in parse_ver(),Incorrect system behaviour or safety-function failure originating in parse_ver (function),5,3,4,60,medium,src/vuln/vuln.cpp,54
FMEA-212,Snapshot,Exception propagation in Snapshot(),Incorrect system behaviour or safety-function failure originating in Snapshot (class),5,3,4,60,medium,src/metrics/metrics.hpp,11
FMEA-261,version_less,Incorrect return value in version_less(),Incorrect system behaviour or safety-function failure originating in version_less (function),5,3,4,60,medium,src/vuln/vuln.cpp,48
FMEA-260,Advisory,Exception propagation in Advisory(),Incorrect system behaviour or safety-function failure originating in Advisory (class),5,3,4,60,medium,src/vuln/vuln.cpp,27
FMEA-259,Advisory,Memory leak in Advisory(),Incorrect system behaviour or safety-function failure originating in Advisory (class),5,3,4,60,medium,src/vuln/vuln.cpp,27
FMEA-257,Advisory,Incorrect initialisation in Advisory(),Incorrect system behaviour or safety-function failure originating in Advisory (class),5,3,4,60,medium,src/vuln/vuln.cpp,27
FMEA-254,run,Unhandled error in run(),Incorrect system behaviour or safety-function failure originating in run (function),5,3,4,60,medium,src/cmd/cli.cpp,152
FMEA-253,run,Incorrect return value in run(),Incorrect system behaviour or safety-function failure originating in run (function),5,3,4,60,medium,src/cmd/cli.cpp,152
FMEA-250,apply_quality_gate,Unhandled error in apply_quality_gate(),Incorrect system behaviour or safety-function failure originating in apply_quality_gate (function),5,3,4,60,medium,src/cmd/cli.cpp,124
FMEA-249,apply_quality_gate,Incorrect return value in apply_quality_gate(),Incorrect system behaviour or safety-function failure originating in apply_quality_gate (function),5,3,4,60,medium,src/cmd/cli.cpp,124
FMEA-157,render_text,Incorrect return value in render_text(),Incorrect system behaviour or safety-function failure originating in render_text (function),5,3,4,60,medium,src/iso21434/iso21434.hpp,45
FMEA-174,assess,Unhandled error in assess(),Incorrect system behaviour or safety-function failure originating in assess (function),5,3,4,60,medium,src/iso21434/iso21434.cpp,155
FMEA-173,assess,Incorrect return value in assess(),Incorrect system behaviour or safety-function failure originating in assess (function),5,3,4,60,medium,src/iso21434/iso21434.cpp,155
FMEA-170,detect_status,Unhandled error in detect_status(),Incorrect system behaviour or safety-function failure originating in detect_status (function),5,3,4,60,medium,src/iso21434/iso21434.cpp,125
FMEA-169,detect_status,Incorrect return value in detect_status(),Incorrect system behaviour or safety-function failure originating in detect_status (function),5,3,4,60,medium,src/iso21434/iso21434.cpp,125
FMEA-166,is_required,Unhandled error in is_required(),Incorrect system behaviour or safety-function failure originating in is_required (function),5,3,4,60,medium,src/iso21434/iso21434.cpp,116
FMEA-165,is_required,Incorrect return value in is_required(),Incorrect system behaviour or safety-function failure originating in is_required (function),5,3,4,60,medium,src/iso21434/iso21434.cpp,116
FMEA-162,parse_cal,Unhandled error in parse_cal(),Incorrect system behaviour or safety-function failure originating in parse_cal (function),5,3,4,60,medium,src/iso21434/iso21434.cpp,17
FMEA-161,parse_cal,Incorrect return value in parse_cal(),Incorrect system behaviour or safety-function failure originating in parse_cal (function),5,3,4,60,medium,src/iso21434/iso21434.cpp,17
FMEA-158,render_text,Unhandled error in render_text(),Incorrect system behaviour or safety-function failure originating in render_text (function),5,3,4,60,medium,src/iso21434/iso21434.hpp,45
FMEA-177,write_json,Incorrect return value in write_json(),Incorrect system behaviour or safety-function failure originating in write_json (function),5,3,4,60,medium,src/iso21434/iso21434.cpp,175
FMEA-154,write_json,Unhandled error in write_json(),Incorrect system behaviour or safety-function failure originating in write_json (function),5,3,4,60,medium,src/iso21434/iso21434.hpp,44
FMEA-153,write_json,Incorrect return value in write_json(),Incorrect system behaviour or safety-function failure originating in write_json (function),5,3,4,60,medium,src/iso21434/iso21434.hpp,44
FMEA-152,Report,Exception propagation in Report(),Incorrect system behaviour or safety-function failure originating in Report (class),5,3,4,60,medium,src/iso21434/iso21434.hpp,31
FMEA-151,Report,Memory leak in Report(),Incorrect system behaviour or safety-function failure originating in Report (class),5,3,4,60,medium,src/iso21434/iso21434.hpp,31
FMEA-149,Report,Incorrect initialisation in Report(),Incorrect system behaviour or safety-function failure originating in Report (class),5,3,4,60,medium,src/iso21434/iso21434.hpp,31
FMEA-148,Objective,Exception propagation in Objective(),Incorrect system behaviour or safety-function failure originating in Objective (class),5,3,4,60,medium,src/iso21434/iso21434.hpp,17
FMEA-147,Objective,Memory leak in Objective(),Incorrect system behaviour or safety-function failure originating in Objective (class),5,3,4,60,medium,src/iso21434/iso21434.hpp,17
FMEA-145,Objective,Incorrect initialisation in Objective(),Incorrect system behaviour or safety-function failure originating in Objective (class),5,3,4,60,medium,src/iso21434/iso21434.hpp,17
FMEA-194,append,Unhandled error in append(),Incorrect system behaviour or safety-function failure originating in append (function),5,3,4,60,medium,src/metrics/metrics.cpp,103
FMEA-211,Snapshot,Memory leak in Snapshot(),Incorrect system behaviour or safety-function failure originating in Snapshot (class),5,3,4,60,medium,src/metrics/metrics.hpp,11
FMEA-209,Snapshot,Incorrect initialisation in Snapshot(),Incorrect system behaviour or safety-function failure originating in Snapshot (class),5,3,4,60,medium,src/metrics/metrics.hpp,11
FMEA-206,render_json,Unhandled error in render_json(),Incorrect system behaviour or safety-function failure originating in render_json (function),5,3,4,60,medium,src/metrics/metrics.cpp,160
FMEA-205,render_json,Incorrect return value in render_json(),Incorrect system behaviour or safety-function failure originating in render_json (function),5,3,4,60,medium,src/metrics/metrics.cpp,160
FMEA-202,render_text,Unhandled error in render_text(),Incorrect system behaviour or safety-function failure originating in render_text (function),5,3,4,60,medium,src/metrics/metrics.cpp,128
FMEA-201,render_text,Incorrect return value in render_text(),Incorrect system behaviour or safety-function failure originating in render_text (function),5,3,4,60,medium,src/metrics/metrics.cpp,128
FMEA-198,save,Unhandled error in save(),Incorrect system behaviour or safety-function failure originating in save (function),5,3,4,60,medium,src/metrics/metrics.cpp,108
FMEA-197,save,Incorrect return value in save(),Incorrect system behaviour or safety-function failure originating in save (function),5,3,4,60,medium,src/metrics/metrics.cpp,108
FMEA-537,write_canonical,Incorrect return value in write_canonical(),Incorrect system behaviour or safety-function failure originating in write_canonical (function),5,3,4,60,medium,src/quality/quality.cpp,144
FMEA-193,append,Incorrect return value in append(),Incorrect system behaviour or safety-function failure originating in append (function),5,3,4,60,medium,src/metrics/metrics.cpp,103
FMEA-190,collect,Unhandled error in collect(),Incorrect system behaviour or safety-function failure originating in collect (function),5,3,4,60,medium,src/metrics/metrics.cpp,52
FMEA-189,collect,Incorrect return value in collect(),Incorrect system behaviour or safety-function failure originating in collect (function),5,3,4,60,medium,src/metrics/metrics.cpp,52
FMEA-186,load,Unhandled error in load(),Incorrect system behaviour or safety-function failure originating in load (function),5,3,4,60,medium,src/metrics/metrics.cpp,26
FMEA-185,load,Incorrect return value in load(),Incorrect system behaviour or safety-function failure originating in load (function),5,3,4,60,medium,src/metrics/metrics.cpp,26
FMEA-182,render_text,Unhandled error in render_text(),Incorrect system behaviour or safety-function failure originating in render_text (function),5,3,4,60,medium,src/iso21434/iso21434.cpp,205
FMEA-181,render_text,Incorrect return value in render_text(),Incorrect system behaviour or safety-function failure originating in render_text (function),5,3,4,60,medium,src/iso21434/iso21434.cpp,205
FMEA-178,write_json,Unhandled error in write_json(),Incorrect system behaviour or safety-function failure originating in write_json (function),5,3,4,60,medium,src/iso21434/iso21434.cpp,175
FMEA-866,is_required,Unhandled error in is_required(),Incorrect system behaviour or safety-function failure originating in is_required (function),5,3,4,60,medium,src/slsa/slsa.cpp,73
FMEA-885,Requirement,Incorrect initialisation in Requirement(),Incorrect system behaviour or safety-function failure originating in Requirement (class),5,3,4,60,medium,src/slsa/slsa.hpp,18
FMEA-882,parse_level,Unhandled error in parse_level(),Incorrect system behaviour or safety-function failure originating in parse_level (function),5,3,4,60,medium,src/slsa/slsa.hpp,12
FMEA-881,parse_level,Incorrect return value in parse_level(),Incorrect system behaviour or safety-function failure originating in parse_level (function),5,3,4,60,medium,src/slsa/slsa.hpp,12
FMEA-878,render_text,Unhandled error in render_text(),Incorrect system behaviour or safety-function failure originating in render_text (function),5,3,4,60,medium,src/slsa/slsa.cpp,131
FMEA-877,render_text,Incorrect return value in render_text(),Incorrect system behaviour or safety-function failure originating in render_text (function),5,3,4,60,medium,src/slsa/slsa.cpp,131
FMEA-874,write_json,Unhandled error in write_json(),Incorrect system behaviour or safety-function failure originating in write_json (function),5,3,4,60,medium,src/slsa/slsa.cpp,107
FMEA-873,write_json,Incorrect return value in write_json(),Incorrect system behaviour or safety-function failure originating in write_json (function),5,3,4,60,medium,src/slsa/slsa.cpp,107
FMEA-870,assess,Unhandled error in assess(),Incorrect system behaviour or safety-function failure originating in assess (function),5,3,4,60,medium,src/slsa/slsa.cpp,85
FMEA-869,assess,Incorrect return value in assess(),Incorrect system behaviour or safety-function failure originating in assess (function),5,3,4,60,medium,src/slsa/slsa.cpp,85
FMEA-887,Requirement,Memory leak in Requirement(),Incorrect system behaviour or safety-function failure originating in Requirement (class),5,3,4,60,medium,src/slsa/slsa.hpp,18
FMEA-865,is_required,Incorrect return value in is_required(),Incorrect system behaviour or safety-function failure originating in is_required (function),5,3,4,60,medium,src/slsa/slsa.cpp,73
FMEA-862,detect_status,Unhandled error in detect_status(),Incorrect system behaviour or safety-function failure originating in detect_status (function),5,3,4,60,medium,src/slsa/slsa.cpp,57
FMEA-861,detect_status,Incorrect return value in detect_status(),Incorrect system behaviour or safety-function failure originating in detect_status (function),5,3,4,60,medium,src/slsa/slsa.cpp,57
FMEA-858,parse_level,Unhandled error in parse_level(),Incorrect system behaviour or safety-function failure originating in parse_level (function),5,3,4,60,medium,src/slsa/slsa.cpp,16
FMEA-857,parse_level,Incorrect return value in parse_level(),Incorrect system behaviour or safety-function failure originating in parse_level (function),5,3,4,60,medium,src/slsa/slsa.cpp,16
FMEA-854,render_text,Unhandled error in render_text(),Incorrect system behaviour or safety-function failure originating in render_text (function),5,3,4,60,medium,src/comp/comp.hpp,41
FMEA-853,render_text,Incorrect return value in render_text(),Incorrect system behaviour or safety-function failure originating in render_text (function),5,3,4,60,medium,src/comp/comp.hpp,41
FMEA-850,write_json,Unhandled error in write_json(),Incorrect system behaviour or safety-function failure originating in write_json (function),5,3,4,60,medium,src/comp/comp.hpp,40
FMEA-901,parse_status,Incorrect return value in parse_status(),Incorrect system behaviour or safety-function failure originating in parse_status (function),5,3,4,60,medium,src/pr/pr.cpp,29
FMEA-918,add,Unhandled error in add(),Incorrect system behaviour or safety-function failure originating in add (function),5,3,4,60,medium,src/pr/pr.cpp,92
FMEA-917,add,Incorrect return value in add(),Incorrect system behaviour or safety-function failure originating in add (function),5,3,4,60,medium,src/pr/pr.cpp,92
FMEA-914,save,Unhandled error in save(),Incorrect system behaviour or safety-function failure originating in save (function),5,3,4,60,medium,src/pr/pr.cpp,68
FMEA-913,save,Incorrect return value in save(),Incorrect system behaviour or safety-function failure originating in save (function),5,3,4,60,medium,src/pr/pr.cpp,68
FMEA-910,load,Unhandled error in load(),Incorrect system behaviour or safety-function failure originating in load (function),5,3,4,60,medium,src/pr/pr.cpp,41
FMEA-909,load,Incorrect return value in load(),Incorrect system behaviour or safety-function failure originating in load (function),5,3,4,60,medium,src/pr/pr.cpp,41
FMEA-906,parse_severity,Unhandled error in parse_severity(),Incorrect system behaviour or safety-function failure originating in parse_severity (function),5,3,4,60,medium,src/pr/pr.cpp,34
FMEA-905,parse_severity,Incorrect return value in parse_severity(),Incorrect system behaviour or safety-function failure originating in parse_severity (function),5,3,4,60,medium,src/pr/pr.cpp,34
FMEA-902,parse_status,Unhandled error in parse_status(),Incorrect system behaviour or safety-function failure originating in parse_status (function),5,3,4,60,medium,src/pr/pr.cpp,29
FMEA-849,write_json,Incorrect return value in write_json(),Incorrect system behaviour or safety-function failure originating in write_json (function),5,3,4,60,medium,src/comp/comp.hpp,40
FMEA-898,render_text,Unhandled error in render_text(),Incorrect system behaviour or safety-function failure originating in render_text (function),5,3,4,60,medium,src/slsa/slsa.hpp,43
FMEA-897,render_text,Incorrect return value in render_text(),Incorrect system behaviour or safety-function failure originating in render_text (function),5,3,4,60,medium,src/slsa/slsa.hpp,43
FMEA-894,write_json,Unhandled error in write_json(),Incorrect system behaviour or safety-function failure originating in write_json (function),5,3,4,60,medium,src/slsa/slsa.hpp,42
FMEA-893,write_json,Incorrect return value in write_json(),Incorrect system behaviour or safety-function failure originating in write_json (function),5,3,4,60,medium,src/slsa/slsa.hpp,42
FMEA-892,Report,Exception propagation in Report(),Incorrect system behaviour or safety-function failure originating in Report (class),5,3,4,60,medium,src/slsa/slsa.hpp,30
FMEA-891,Report,Memory leak in Report(),Incorrect system behaviour or safety-function failure originating in Report (class),5,3,4,60,medium,src/slsa/slsa.hpp,30
FMEA-889,Report,Incorrect initialisation in Report(),Incorrect system behaviour or safety-function failure originating in Report (class),5,3,4,60,medium,src/slsa/slsa.hpp,30
FMEA-888,Requirement,Exception propagation in Requirement(),Incorrect system behaviour or safety-function failure originating in Requirement (class),5,3,4,60,medium,src/slsa/slsa.hpp,18
FMEA-804,AuditManifest,Exception propagation in AuditManifest(),Incorrect system behaviour or safety-function failure originating in AuditManifest (class),5,3,4,60,medium,src/auditpack/auditpack.hpp,19
FMEA-817,FileInfo,Incorrect initialisation in FileInfo(),Incorrect system behaviour or safety-function failure originating in FileInfo (class),5,3,4,60,medium,src/auditpack/auditpack.cpp,169
FMEA-816,SHA256Ctx3,Exception propagation in SHA256Ctx3(),Incorrect system behaviour or safety-function failure originating in SHA256Ctx3 (class),5,3,4,60,medium,src/auditpack/auditpack.cpp,103
FMEA-815,SHA256Ctx3,Memory leak in SHA256Ctx3(),Incorrect system behaviour or safety-function failure originating in SHA256Ctx3 (class),5,3,4,60,medium,src/auditpack/auditpack.cpp,103
FMEA-813,SHA256Ctx3,Incorrect initialisation in SHA256Ctx3(),Incorrect system behaviour or safety-function failure originating in SHA256Ctx3 (class),5,3,4,60,medium,src/auditpack/auditpack.cpp,103
FMEA-810,run_cmd,Unhandled error in run_cmd(),Incorrect system behaviour or safety-function failure originating in run_cmd (function),5,3,4,60,medium,src/auditpack/auditpack.cpp,80
FMEA-809,run_cmd,Incorrect return value in run_cmd(),Incorrect system behaviour or safety-function failure originating in run_cmd (function),5,3,4,60,medium,src/auditpack/auditpack.cpp,80
FMEA-808,CmdResult,Exception propagation in CmdResult(),Incorrect system behaviour or safety-function failure originating in CmdResult (class),5,3,4,60,medium,src/auditpack/auditpack.cpp,75
FMEA-807,CmdResult,Memory leak in CmdResult(),Incorrect system behaviour or safety-function failure originating in CmdResult (class),5,3,4,60,medium,src/auditpack/auditpack.cpp,75
FMEA-805,CmdResult,Incorrect initialisation in CmdResult(),Incorrect system behaviour or safety-function failure originating in CmdResult (class),5,3,4,60,medium,src/auditpack/auditpack.cpp,75
FMEA-819,FileInfo,Memory leak in FileInfo(),Incorrect system behaviour or safety-function failure originating in FileInfo (class),5,3,4,60,medium,src/auditpack/auditpack.cpp,169
FMEA-803,AuditManifest,Memory leak in AuditManifest(),Incorrect system behaviour or safety-function failure originating in AuditManifest (class),5,3,4,60,medium,src/auditpack/auditpack.hpp,19
FMEA-801,AuditManifest,Incorrect initialisation in AuditManifest(),Incorrect system behaviour or safety-function failure originating in AuditManifest (class),5,3,4,60,medium,src/auditpack/auditpack.hpp,19
FMEA-800,ManifestEntry,Exception propagation in ManifestEntry(),Incorrect system behaviour or safety-function failure originating in ManifestEntry (class),5,3,4,60,medium,src/auditpack/auditpack.hpp,13
FMEA-799,ManifestEntry,Memory leak in ManifestEntry(),Incorrect system behaviour or safety-function failure originating in ManifestEntry (class),5,3,4,60,medium,src/auditpack/auditpack.hpp,13
FMEA-797,ManifestEntry,Incorrect initialisation in ManifestEntry(),Incorrect system behaviour or safety-function failure originating in ManifestEntry (class),5,3,4,60,medium,src/auditpack/auditpack.hpp,13
FMEA-794,write_sbom,Unhandled error in write_sbom(),Incorrect system behaviour or safety-function failure originating in write_sbom (function),5,3,4,60,medium,src/release/release.hpp,73
FMEA-793,write_sbom,Incorrect return value in write_sbom(),Incorrect system behaviour or safety-function failure originating in write_sbom (function),5,3,4,60,medium,src/release/release.hpp,73
FMEA-790,hash_artifacts,Unhandled error in hash_artifacts(),Incorrect system behaviour or safety-function failure originating in hash_artifacts (function),5,3,4,60,medium,src/release/release.hpp,70
FMEA-833,write_json,Incorrect return value in write_json(),Incorrect system behaviour or safety-function failure originating in write_json (function),5,3,4,60,medium,src/comp/comp.cpp,142
FMEA-848,CompReport,Exception propagation in CompReport(),Incorrect system behaviour or safety-function failure originating in CompReport (class),5,3,4,60,medium,src/comp/comp.hpp,25
FMEA-847,CompReport,Memory leak in CompReport(),Incorrect system behaviour or safety-function failure originating in CompReport (class),5,3,4,60,medium,src/comp/comp.hpp,25
FMEA-845,CompReport,Incorrect initialisation in CompReport(),Incorrect system behaviour or safety-function failure originating in CompReport (class),5,3,4,60,medium,src/comp/comp.hpp,25
FMEA-844,FunctionResult,Exception propagation in FunctionResult(),Incorrect system behaviour or safety-function failure originating in FunctionResult (class),5,3,4,60,medium,src/comp/comp.hpp,17
FMEA-843,FunctionResult,Memory leak in FunctionResult(),Incorrect system behaviour or safety-function failure originating in FunctionResult (class),5,3,4,60,medium,src/comp/comp.hpp,17
FMEA-841,FunctionResult,Incorrect initialisation in FunctionResult(),Incorrect system behaviour or safety-function failure originating in FunctionResult (class),5,3,4,60,medium,src/comp/comp.hpp,17
FMEA-838,render_text,Unhandled error in render_text(),Incorrect system behaviour or safety-function failure originating in render_text (function),5,3,4,60,medium,src/comp/comp.cpp,166
FMEA-837,render_text,Incorrect return value in render_text(),Incorrect system behaviour or safety-function failure originating in render_text (function),5,3,4,60,medium,src/comp/comp.cpp,166
FMEA-834,write_json,Unhandled error in write_json(),Incorrect system behaviour or safety-function failure originating in write_json (function),5,3,4,60,medium,src/comp/comp.cpp,142
FMEA-921,render,Incorrect return value in render(),Incorrect system behaviour or safety-function failure originating in render (function),5,3,4,60,medium,src/pr/pr.cpp,97
FMEA-830,analyse,Unhandled error in analyse(),Incorrect system behaviour or safety-function failure originating in analyse (function),5,3,4,60,medium,src/comp/comp.cpp,104
FMEA-829,analyse,Incorrect return value in analyse(),Incorrect system behaviour or safety-function failure originating in analyse (function),5,3,4,60,medium,src/comp/comp.cpp,104
FMEA-828,FuncInfo,Exception propagation in FuncInfo(),Incorrect system behaviour or safety-function failure originating in FuncInfo (class),5,3,4,60,medium,src/comp/comp.cpp,38
FMEA-1,main,Incorrect return value in main(),Incorrect system behaviour or safety-function failure originating in main (function),5,3,4,60,medium,build-test/CMakeFiles/4.3.3/CompilerIdCXX/CMakeCXXCompilerId.cpp,924
FMEA-825,FuncInfo,Incorrect initialisation in FuncInfo(),Incorrect system behaviour or safety-function failure originating in FuncInfo (class),5,3,4,60,medium,src/comp/comp.cpp,38
FMEA-822,count_complexity,Unhandled error in count_complexity(),Incorrect system behaviour or safety-function failure originating in count_complexity (function),5,3,4,60,medium,src/comp/comp.cpp,20
FMEA-821,count_complexity,Incorrect return value in count_complexity(),Incorrect system behaviour or safety-function failure originating in count_complexity (function),5,3,4,60,medium,src/comp/comp.cpp,20
FMEA-820,FileInfo,Exception propagation in FileInfo(),Incorrect system behaviour or safety-function failure originating in FileInfo (class),5,3,4,60,medium,src/auditpack/auditpack.cpp,169
FMEA-997,write_json,Incorrect return value in write_json(),Incorrect system behaviour or safety-function failure originating in write_json (function),5,3,4,60,medium,src/sas/sas.cpp,97
FMEA-1015,FixEntry,Memory leak in FixEntry(),Incorrect system behaviour or safety-function failure originating in FixEntry (class),5,3,4,60,medium,src/fix/fix.hpp,9
FMEA-1013,FixEntry,Incorrect initialisation in FixEntry(),Incorrect system behaviour or safety-function failure originating in FixEntry (class),5,3,4,60,medium,src/fix/fix.hpp,9
FMEA-1010,list_all,Unhandled error in list_all(),Incorrect system behaviour or safety-function failure originating in list_all (function),5,3,4,60,medium,src/fix/fix.cpp,120
FMEA-1009,list_all,Incorrect return value in list_all(),Incorrect system behaviour or safety-function failure originating in list_all (function),5,3,4,60,medium,src/fix/fix.cpp,120
FMEA-1006,show,Unhandled error in show(),Incorrect system behaviour or safety-function failure originating in show (function),5,3,4,60,medium,src/fix/fix.cpp,105
FMEA-1005,show,Incorrect return value in show(),Incorrect system behaviour or safety-function failure originating in show (function),5,3,4,60,medium,src/fix/fix.cpp,105
FMEA-1002,write_markdown,Unhandled error in write_markdown(),Incorrect system behaviour or safety-function failure originating in write_markdown (function),5,3,4,60,medium,src/sas/sas.cpp,102
FMEA-1001,write_markdown,Incorrect return value in write_markdown(),Incorrect system behaviour or safety-function failure originating in write_markdown (function),5,3,4,60,medium,src/sas/sas.cpp,102
FMEA-998,write_json,Unhandled error in write_json(),Incorrect system behaviour or safety-function failure originating in write_json (function),5,3,4,60,medium,src/sas/sas.cpp,97
FMEA-1016,FixEntry,Exception propagation in FixEntry(),Incorrect system behaviour or safety-function failure originating in FixEntry (class),5,3,4,60,medium,src/fix/fix.hpp,9
FMEA-994,to_json,Unhandled error in to_json(),Incorrect system behaviour or safety-function failure originating in to_json (function),5,3,4,60,medium,src/sas/sas.cpp,69
FMEA-993,to_json,Incorrect return value in to_json(),Incorrect system behaviour or safety-function failure originating in to_json (function),5,3,4,60,medium,src/sas/sas.cpp,69
FMEA-990,build,Unhandled error in build(),Incorrect system behaviour or safety-function failure originating in build (function),5,3,4,60,medium,src/sas/sas.cpp,51
FMEA-989,build,Incorrect return value in build(),Incorrect system behaviour or safety-function failure originating in build (function),5,3,4,60,medium,src/sas/sas.cpp,51
FMEA-986,write_markdown,Unhandled error in write_markdown(),Incorrect system behaviour or safety-function failure originating in write_markdown (function),5,3,4,60,medium,src/sas/sas.hpp,47
FMEA-985,write_markdown,Incorrect return value in write_markdown(),Incorrect system behaviour or safety-function failure originating in write_markdown (function),5,3,4,60,medium,src/sas/sas.hpp,47
FMEA-982,write_json,Unhandled error in write_json(),Incorrect system behaviour or safety-function failure originating in write_json (function),5,3,4,60,medium,src/sas/sas.hpp,46
FMEA-981,write_json,Incorrect return value in write_json(),Incorrect system behaviour or safety-function failure originating in write_json (function),5,3,4,60,medium,src/sas/sas.hpp,46
FMEA-1033,render_text,Incorrect return value in render_text(),Incorrect system behaviour or safety-function failure originating in render_text (function),5,3,4,60,medium,src/misra/misra.cpp,111
FMEA-1046,write_json,Unhandled error in write_json(),Incorrect system behaviour or safety-function failure originating in write_json (function),5,3,4,60,medium,src/misra/misra.hpp,33
FMEA-1045,write_json,Incorrect return value in write_json(),Incorrect system behaviour or safety-function failure originating in write_json (function),5,3,4,60,medium,src/misra/misra.hpp,33
FMEA-1044,Report,Exception propagation in Report(),Incorrect system behaviour or safety-function failure originating in Report (class),5,3,4,60,medium,src/misra/misra.hpp,22
FMEA-1043,Report,Memory leak in Report(),Incorrect system behaviour or safety-function failure originating in Report (class),5,3,4,60,medium,src/misra/misra.hpp,22
FMEA-1041,Report,Incorrect initialisation in Report(),Incorrect system behaviour or safety-function failure originating in Report (class),5,3,4,60,medium,src/misra/misra.hpp,22
FMEA-1040,Rule,Exception propagation in Rule(),Incorrect system behaviour or safety-function failure originating in Rule (class),5,3,4,60,medium,src/misra/misra.hpp,13
FMEA-1039,Rule,Memory leak in Rule(),Incorrect system behaviour or safety-function failure originating in Rule (class),5,3,4,60,medium,src/misra/misra.hpp,13
FMEA-1037,Rule,Incorrect initialisation in Rule(),Incorrect system behaviour or safety-function failure originating in Rule (class),5,3,4,60,medium,src/misra/misra.hpp,13
FMEA-1034,render_text,Unhandled error in render_text(),Incorrect system behaviour or safety-function failure originating in render_text (function),5,3,4,60,medium,src/misra/misra.cpp,111
FMEA-980,SAS,Exception propagation in SAS(),Incorrect system behaviour or safety-function failure originating in SAS (class),5,3,4,60,medium,src/sas/sas.hpp,25
FMEA-1030,write_json,Unhandled error in write_json(),Incorrect system behaviour or safety-function failure originating in write_json (function),5,3,4,60,medium,src/misra/misra.cpp,92
FMEA-1029,write_json,Incorrect return value in write_json(),Incorrect system behaviour or safety-function failure originating in write_json (function),5,3,4,60,medium,src/misra/misra.cpp,92
FMEA-1026,build_report,Unhandled error in build_report(),Incorrect system behaviour or safety-function failure originating in build_report (function),5,3,4,60,medium,src/misra/misra.cpp,71
FMEA-1025,build_report,Incorrect return value in build_report(),Incorrect system behaviour or safety-function failure originating in build_report (function),5,3,4,60,medium,src/misra/misra.cpp,71
FMEA-1022,list_all,Unhandled error in list_all(),Incorrect system behaviour or safety-function failure originating in list_all (function),5,3,4,60,medium,src/fix/fix.hpp,20
FMEA-1021,list_all,Incorrect return value in list_all(),Incorrect system behaviour or safety-function failure originating in list_all (function),5,3,4,60,medium,src/fix/fix.hpp,20
FMEA-1018,show,Unhandled error in show(),Incorrect system behaviour or safety-function failure originating in show (function),5,3,4,60,medium,src/fix/fix.hpp,19
FMEA-1017,show,Incorrect return value in show(),Incorrect system behaviour or safety-function failure originating in show (function),5,3,4,60,medium,src/fix/fix.hpp,19
FMEA-937,PRLog,Incorrect initialisation in PRLog(),Incorrect system behaviour or safety-function failure originating in PRLog (class),5,3,4,60,medium,src/pr/pr.hpp,30
FMEA-953,to_json,Incorrect return value in to_json(),Incorrect system behaviour or safety-function failure originating in to_json (function),5,3,4,60,medium,src/safety_case/safety_case.cpp,145
FMEA-950,compute_completeness,Unhandled error in compute_completeness(),Incorrect system behaviour or safety-function failure originating in compute_completeness (function),5,3,4,60,medium,src/safety_case/safety_case.cpp,122
FMEA-949,compute_completeness,Incorrect return value in compute_completeness(),Incorrect system behaviour or safety-function failure originating in compute_completeness (function),5,3,4,60,medium,src/safety_case/safety_case.cpp,122
FMEA-946,render,Unhandled error in render(),Incorrect system behaviour or safety-function failure originating in render (function),5,3,4,60,medium,src/pr/pr.hpp,38
FMEA-945,render,Incorrect return value in render(),Incorrect system behaviour or safety-function failure originating in render (function),5,3,4,60,medium,src/pr/pr.hpp,38
FMEA-942,add,Unhandled error in add(),Incorrect system behaviour or safety-function failure originating in add (function),5,3,4,60,medium,src/pr/pr.hpp,37
FMEA-941,add,Incorrect return value in add(),Incorrect system behaviour or safety-function failure originating in add (function),5,3,4,60,medium,src/pr/pr.hpp,37
FMEA-940,PRLog,Exception propagation in PRLog(),Incorrect system behaviour or safety-function failure originating in PRLog (class),5,3,4,60,medium,src/pr/pr.hpp,30
FMEA-939,PRLog,Memory leak in PRLog(),Incorrect system behaviour or safety-function failure originating in PRLog (class),5,3,4,60,medium,src/pr/pr.hpp,30
FMEA-954,to_json,Unhandled error in to_json(),Incorrect system behaviour or safety-function failure originating in to_json (function),5,3,4,60,medium,src/safety_case/safety_case.cpp,145
FMEA-936,ProblemReport,Exception propagation in ProblemReport(),Incorrect system behaviour or safety-function failure originating in ProblemReport (class),5,3,4,60,medium,src/pr/pr.hpp,18
FMEA-935,ProblemReport,Memory leak in ProblemReport(),Incorrect system behaviour or safety-function failure originating in ProblemReport (class),5,3,4,60,medium,src/pr/pr.hpp,18
FMEA-933,ProblemReport,Incorrect initialisation in ProblemReport(),Incorrect system behaviour or safety-function failure originating in ProblemReport (class),5,3,4,60,medium,src/pr/pr.hpp,18
FMEA-930,parse_severity,Unhandled error in parse_severity(),Incorrect system behaviour or safety-function failure originating in parse_severity (function),5,3,4,60,medium,src/pr/pr.hpp,16
FMEA-929,parse_severity,Incorrect return value in parse_severity(),Incorrect system behaviour or safety-function failure originating in parse_severity (function),5,3,4,60,medium,src/pr/pr.hpp,16
FMEA-926,parse_status,Unhandled error in parse_status(),Incorrect system behaviour or safety-function failure originating in parse_status (function),5,3,4,60,medium,src/pr/pr.hpp,15
FMEA-925,parse_status,Incorrect return value in parse_status(),Incorrect system behaviour or safety-function failure originating in parse_status (function),5,3,4,60,medium,src/pr/pr.hpp,15
FMEA-922,render,Unhandled error in render(),Incorrect system behaviour or safety-function failure originating in render (function),5,3,4,60,medium,src/pr/pr.cpp,97
FMEA-968,Completeness,Exception propagation in Completeness(),Incorrect system behaviour or safety-function failure originating in Completeness (class),5,3,4,60,medium,src/safety_case/safety_case.hpp,36
FMEA-979,SAS,Memory leak in SAS(),Incorrect system behaviour or safety-function failure originating in SAS (class),5,3,4,60,medium,src/sas/sas.hpp,25
FMEA-977,SAS,Incorrect initialisation in SAS(),Incorrect system behaviour or safety-function failure originating in SAS (class),5,3,4,60,medium,src/sas/sas.hpp,25
FMEA-976,ChecklistItem,Exception propagation in ChecklistItem(),Incorrect system behaviour or safety-function failure originating in ChecklistItem (class),5,3,4,60,medium,src/sas/sas.hpp,18
FMEA-975,ChecklistItem,Memory leak in ChecklistItem(),Incorrect system behaviour or safety-function failure originating in ChecklistItem (class),5,3,4,60,medium,src/sas/sas.hpp,18
FMEA-973,ChecklistItem,Incorrect initialisation in ChecklistItem(),Incorrect system behaviour or safety-function failure originating in ChecklistItem (class),5,3,4,60,medium,src/sas/sas.hpp,18
FMEA-972,SafetyCase,Exception propagation in SafetyCase(),Incorrect system behaviour or safety-function failure originating in SafetyCase (class),5,3,4,60,medium,src/safety_case/safety_case.hpp,42
FMEA-971,SafetyCase,Memory leak in SafetyCase(),Incorrect system behaviour or safety-function failure originating in SafetyCase (class),5,3,4,60,medium,src/safety_case/safety_case.hpp,42
FMEA-969,SafetyCase,Incorrect initialisation in SafetyCase(),Incorrect system behaviour or safety-function failure originating in SafetyCase (class),5,3,4,60,medium,src/safety_case/safety_case.hpp,42
FMEA-789,hash_artifacts,Incorrect return value in hash_artifacts(),Incorrect system behaviour or safety-function failure originating in hash_artifacts (function),5,3,4,60,medium,src/release/release.hpp,70
FMEA-967,Completeness,Memory leak in Completeness(),Incorrect system behaviour or safety-function failure originating in Completeness (class),5,3,4,60,medium,src/safety_case/safety_case.hpp,36
FMEA-965,Completeness,Incorrect initialisation in Completeness(),Incorrect system behaviour or safety-function failure originating in Completeness (class),5,3,4,60,medium,src/safety_case/safety_case.hpp,36
FMEA-964,GSNEdge,Exception propagation in GSNEdge(),Incorrect system behaviour or safety-function failure originating in GSNEdge (class),5,3,4,60,medium,src/safety_case/safety_case.hpp,30
FMEA-963,GSNEdge,Memory leak in GSNEdge(),Incorrect system behaviour or safety-function failure originating in GSNEdge (class),5,3,4,60,medium,src/safety_case/safety_case.hpp,30
FMEA-961,GSNEdge,Incorrect initialisation in GSNEdge(),Incorrect system behaviour or safety-function failure originating in GSNEdge (class),5,3,4,60,medium,src/safety_case/safety_case.hpp,30
FMEA-960,GSNNode,Exception propagation in GSNNode(),Incorrect system behaviour or safety-function failure originating in GSNNode (class),5,3,4,60,medium,src/safety_case/safety_case.hpp,20
FMEA-959,GSNNode,Memory leak in GSNNode(),Incorrect system behaviour or safety-function failure originating in GSNNode (class),5,3,4,60,medium,src/safety_case/safety_case.hpp,20
FMEA-957,GSNNode,Incorrect initialisation in GSNNode(),Incorrect system behaviour or safety-function failure originating in GSNNode (class),5,3,4,60,medium,src/safety_case/safety_case.hpp,20
FMEA-610,write_dot,Unhandled error in write_dot(),Incorrect system behaviour or safety-function failure originating in write_dot (function),5,3,4,60,medium,src/boundary/boundary.hpp,31
FMEA-628,ConfigItem,Exception propagation in ConfigItem(),Incorrect system behaviour or safety-function failure originating in ConfigItem (class),5,3,4,60,medium,src/sci/sci.hpp,17
FMEA-627,ConfigItem,Memory leak in ConfigItem(),Incorrect system behaviour or safety-function failure originating in ConfigItem (class),5,3,4,60,medium,src/sci/sci.hpp,17
FMEA-625,ConfigItem,Incorrect initialisation in ConfigItem(),Incorrect system behaviour or safety-function failure originating in ConfigItem (class),5,3,4,60,medium,src/sci/sci.hpp,17
FMEA-622,write_dot,Unhandled error in write_dot(),Incorrect system behaviour or safety-function failure originating in write_dot (function),5,3,4,60,medium,src/boundary/boundary.cpp,122
FMEA-621,write_dot,Incorrect return value in write_dot(),Incorrect system behaviour or safety-function failure originating in write_dot (function),5,3,4,60,medium,src/boundary/boundary.cpp,122
FMEA-618,write_mermaid,Unhandled error in write_mermaid(),Incorrect system behaviour or safety-function failure originating in write_mermaid (function),5,3,4,60,medium,src/boundary/boundary.cpp,105
FMEA-617,write_mermaid,Incorrect return value in write_mermaid(),Incorrect system behaviour or safety-function failure originating in write_mermaid (function),5,3,4,60,medium,src/boundary/boundary.cpp,105
FMEA-614,scan,Unhandled error in scan(),Incorrect system behaviour or safety-function failure originating in scan (function),5,3,4,60,medium,src/boundary/boundary.cpp,13
FMEA-613,scan,Incorrect return value in scan(),Incorrect system behaviour or safety-function failure originating in scan (function),5,3,4,60,medium,src/boundary/boundary.cpp,13
FMEA-629,SCI,Incorrect initialisation in SCI(),Incorrect system behaviour or safety-function failure originating in SCI (class),5,3,4,60,medium,src/sci/sci.hpp,25
FMEA-609,write_dot,Incorrect return value in write_dot(),Incorrect system behaviour or safety-function failure originating in write_dot (function),5,3,4,60,medium,src/boundary/boundary.hpp,31
FMEA-606,write_mermaid,Unhandled error in write_mermaid(),Incorrect system behaviour or safety-function failure originating in write_mermaid (function),5,3,4,60,medium,src/boundary/boundary.hpp,30
FMEA-605,write_mermaid,Incorrect return value in write_mermaid(),Incorrect system behaviour or safety-function failure originating in write_mermaid (function),5,3,4,60,medium,src/boundary/boundary.hpp,30
FMEA-604,Diagram,Exception propagation in Diagram(),Incorrect system behaviour or safety-function failure originating in Diagram (class),5,3,4,60,medium,src/boundary/boundary.hpp,24
FMEA-603,Diagram,Memory leak in Diagram(),Incorrect system behaviour or safety-function failure originating in Diagram (class),5,3,4,60,medium,src/boundary/boundary.hpp,24
FMEA-601,Diagram,Incorrect initialisation in Diagram(),Incorrect system behaviour or safety-function failure originating in Diagram (class),5,3,4,60,medium,src/boundary/boundary.hpp,24
FMEA-600,Edge,Exception propagation in Edge(),Incorrect system behaviour or safety-function failure originating in Edge (class),5,3,4,60,medium,src/boundary/boundary.hpp,18
FMEA-599,Edge,Memory leak in Edge(),Incorrect system behaviour or safety-function failure originating in Edge (class),5,3,4,60,medium,src/boundary/boundary.hpp,18
FMEA-642,build,Unhandled error in build(),Incorrect system behaviour or safety-function failure originating in build (function),5,3,4,60,medium,src/sci/sci.cpp,50
FMEA-658,beat,Unhandled error in beat(),Incorrect system behaviour or safety-function failure originating in beat (function),5,3,4,60,medium,src/runtime/heartbeat.hpp,36
FMEA-657,beat,Incorrect return value in beat(),Incorrect system behaviour or safety-function failure originating in beat (function),5,3,4,60,medium,src/runtime/heartbeat.hpp,36
FMEA-656,Heartbeat,Exception propagation in Heartbeat(),Incorrect system behaviour or safety-function failure originating in Heartbeat (class),5,3,4,60,medium,src/runtime/heartbeat.hpp,23
FMEA-655,Heartbeat,Memory leak in Heartbeat(),Incorrect system behaviour or safety-function failure originating in Heartbeat (class),5,3,4,60,medium,src/runtime/heartbeat.hpp,23
FMEA-653,Heartbeat,Incorrect initialisation in Heartbeat(),Incorrect system behaviour or safety-function failure originating in Heartbeat (class),5,3,4,60,medium,src/runtime/heartbeat.hpp,23
FMEA-650,write_json,Unhandled error in write_json(),Incorrect system behaviour or safety-function failure originating in write_json (function),5,3,4,60,medium,src/sci/sci.cpp,103
FMEA-649,write_json,Incorrect return value in write_json(),Incorrect system behaviour or safety-function failure originating in write_json (function),5,3,4,60,medium,src/sci/sci.cpp,103
FMEA-646,to_json,Unhandled error in to_json(),Incorrect system behaviour or safety-function failure originating in to_json (function),5,3,4,60,medium,src/sci/sci.cpp,77
FMEA-645,to_json,Incorrect return value in to_json(),Incorrect system behaviour or safety-function failure originating in to_json (function),5,3,4,60,medium,src/sci/sci.cpp,77
FMEA-597,Edge,Incorrect initialisation in Edge(),Incorrect system behaviour or safety-function failure originating in Edge (class),5,3,4,60,medium,src/boundary/boundary.hpp,18
FMEA-641,build,Incorrect return value in build(),Incorrect system behaviour or safety-function failure originating in build (function),5,3,4,60,medium,src/sci/sci.cpp,50
FMEA-640,ArtifactDef,Exception propagation in ArtifactDef(),Incorrect system behaviour or safety-function failure originating in ArtifactDef (class),5,3,4,60,medium,src/sci/sci.cpp,24
FMEA-639,ArtifactDef,Memory leak in ArtifactDef(),Incorrect system behaviour or safety-function failure originating in ArtifactDef (class),5,3,4,60,medium,src/sci/sci.cpp,24
FMEA-637,ArtifactDef,Incorrect initialisation in ArtifactDef(),Incorrect system behaviour or safety-function failure originating in ArtifactDef (class),5,3,4,60,medium,src/sci/sci.cpp,24
FMEA-634,write_json,Unhandled error in write_json(),Incorrect system behaviour or safety-function failure originating in write_json (function),5,3,4,60,medium,src/sci/sci.hpp,41
FMEA-633,write_json,Incorrect return value in write_json(),Incorrect system behaviour or safety-function failure originating in write_json (function),5,3,4,60,medium,src/sci/sci.hpp,41
FMEA-632,SCI,Exception propagation in SCI(),Incorrect system behaviour or safety-function failure originating in SCI (class),5,3,4,60,medium,src/sci/sci.hpp,25
FMEA-631,SCI,Memory leak in SCI(),Incorrect system behaviour or safety-function failure originating in SCI (class),5,3,4,60,medium,src/sci/sci.hpp,25
FMEA-554,to_json,Unhandled error in to_json(),Incorrect system behaviour or safety-function failure originating in to_json (function),5,3,4,60,medium,src/quality/quality.cpp,256
FMEA-572,Attestation,Exception propagation in Attestation(),Incorrect system behaviour or safety-function failure originating in Attestation (class),5,3,4,60,medium,src/quality/quality.hpp,70
FMEA-571,Attestation,Memory leak in Attestation(),Incorrect system behaviour or safety-function failure originating in Attestation (class),5,3,4,60,medium,src/quality/quality.hpp,70
FMEA-569,Attestation,Incorrect initialisation in Attestation(),Incorrect system behaviour or safety-function failure originating in Attestation (class),5,3,4,60,medium,src/quality/quality.hpp,70
FMEA-566,finding,Unhandled error in finding(),Incorrect system behaviour or safety-function failure originating in finding (function),5,3,4,60,medium,src/quality/quality.cpp,322
FMEA-565,finding,Incorrect return value in finding(),Incorrect system behaviour or safety-function failure originating in finding (function),5,3,4,60,medium,src/quality/quality.cpp,322
FMEA-562,finding,Unhandled error in finding(),Incorrect system behaviour or safety-function failure originating in finding (function),5,3,4,60,medium,src/quality/quality.cpp,293
FMEA-561,finding,Incorrect return value in finding(),Incorrect system behaviour or safety-function failure originating in finding (function),5,3,4,60,medium,src/quality/quality.cpp,293
FMEA-558,is_valid_reviewed,Unhandled error in is_valid_reviewed(),Incorrect system behaviour or safety-function failure originating in is_valid_reviewed (function),5,3,4,60,medium,src/quality/quality.cpp,268
FMEA-557,is_valid_reviewed,Incorrect return value in is_valid_reviewed(),Incorrect system behaviour or safety-function failure originating in is_valid_reviewed (function),5,3,4,60,medium,src/quality/quality.cpp,268
FMEA-573,QualField,Incorrect initialisation in QualField(),Incorrect system behaviour or safety-function failure originating in QualField (class),5,3,4,60,medium,src/quality/quality.hpp,106
FMEA-553,to_json,Incorrect return value in to_json(),Incorrect system behaviour or safety-function failure originating in to_json (function),5,3,4,60,medium,src/quality/quality.cpp,256
FMEA-550,parse,Unhandled error in parse(),Incorrect system behaviour or safety-function failure originating in parse (function),5,3,4,60,medium,src/quality/quality.cpp,241
FMEA-549,parse,Incorrect return value in parse(),Incorrect system behaviour or safety-function failure originating in parse (function),5,3,4,60,medium,src/quality/quality.cpp,241
FMEA-546,sha256_prefixed,Unhandled error in sha256_prefixed(),Incorrect system behaviour or safety-function failure originating in sha256_prefixed (function),5,3,4,60,medium,src/quality/quality.cpp,238
FMEA-545,sha256_prefixed,Incorrect return value in sha256_prefixed(),Incorrect system behaviour or safety-function failure originating in sha256_prefixed (function),5,3,4,60,medium,src/quality/quality.cpp,238
FMEA-542,sha256_prefixed,Unhandled error in sha256_prefixed(),Incorrect system behaviour or safety-function failure originating in sha256_prefixed (function),5,3,4,60,medium,src/quality/quality.cpp,204
FMEA-541,sha256_prefixed,Incorrect return value in sha256_prefixed(),Incorrect system behaviour or safety-function failure originating in sha256_prefixed (function),5,3,4,60,medium,src/quality/quality.cpp,204
FMEA-538,write_canonical,Unhandled error in write_canonical(),Incorrect system behaviour or safety-function failure originating in write_canonical (function),5,3,4,60,medium,src/quality/quality.cpp,144
FMEA-585,EvidenceBundle,Incorrect initialisation in EvidenceBundle(),Incorrect system behaviour or safety-function failure originating in EvidenceBundle (class),5,3,4,60,medium,src/verify/verify.hpp,24
FMEA-596,Node,Exception propagation in Node(),Incorrect system behaviour or safety-function failure originating in Node (class),5,3,4,60,medium,src/boundary/boundary.hpp,12
FMEA-595,Node,Memory leak in Node(),Incorrect system behaviour or safety-function failure originating in Node (class),5,3,4,60,medium,src/boundary/boundary.hpp,12
FMEA-593,Node,Incorrect initialisation in Node(),Incorrect system behaviour or safety-function failure originating in Node (class),5,3,4,60,medium,src/boundary/boundary.hpp,12
FMEA-592,ProjectConfig,Exception propagation in ProjectConfig(),Incorrect system behaviour or safety-function failure originating in ProjectConfig (class),5,3,4,60,medium,src/config/config.hpp,11
FMEA-591,ProjectConfig,Memory leak in ProjectConfig(),Incorrect system behaviour or safety-function failure originating in ProjectConfig (class),5,3,4,60,medium,src/config/config.hpp,11
FMEA-589,ProjectConfig,Incorrect initialisation in ProjectConfig(),Incorrect system behaviour or safety-function failure originating in ProjectConfig (class),5,3,4,60,medium,src/config/config.hpp,11
FMEA-588,EvidenceBundle,Exception propagation in EvidenceBundle(),Incorrect system behaviour or safety-function failure originating in EvidenceBundle (class),5,3,4,60,medium,src/verify/verify.hpp,24
FMEA-587,EvidenceBundle,Memory leak in EvidenceBundle(),Incorrect system behaviour or safety-function failure originating in EvidenceBundle (class),5,3,4,60,medium,src/verify/verify.hpp,24
FMEA-661,monitor,Incorrect return value in monitor(),Incorrect system behaviour or safety-function failure originating in monitor (function),5,3,4,60,medium,src/runtime/heartbeat.hpp,56
FMEA-584,TestSummary,Exception propagation in TestSummary(),Incorrect system behaviour or safety-function failure originating in TestSummary (class),5,3,4,60,medium,src/verify/verify.hpp,17
FMEA-583,TestSummary,Memory leak in TestSummary(),Incorrect system behaviour or safety-function failure originating in TestSummary (class),5,3,4,60,medium,src/verify/verify.hpp,17
FMEA-581,TestSummary,Incorrect initialisation in TestSummary(),Incorrect system behaviour or safety-function failure originating in TestSummary (class),5,3,4,60,medium,src/verify/verify.hpp,17
FMEA-580,TestResult,Exception propagation in TestResult(),Incorrect system behaviour or safety-function failure originating in TestResult (class),5,3,4,60,medium,src/verify/verify.hpp,10
FMEA-579,TestResult,Memory leak in TestResult(),Incorrect system behaviour or safety-function failure originating in TestResult (class),5,3,4,60,medium,src/verify/verify.hpp,10
FMEA-577,TestResult,Incorrect initialisation in TestResult(),Incorrect system behaviour or safety-function failure originating in TestResult (class),5,3,4,60,medium,src/verify/verify.hpp,10
FMEA-576,QualField,Exception propagation in QualField(),Incorrect system behaviour or safety-function failure originating in QualField (class),5,3,4,60,medium,src/quality/quality.hpp,106
FMEA-575,QualField,Memory leak in QualField(),Incorrect system behaviour or safety-function failure originating in QualField (class),5,3,4,60,medium,src/quality/quality.hpp,106
FMEA-742,compare,Unhandled error in compare(),Incorrect system behaviour or safety-function failure originating in compare (function),5,3,4,60,medium,src/diff/diff.hpp,34
FMEA-758,write_sbom,Unhandled error in write_sbom(),Incorrect system behaviour or safety-function failure originating in write_sbom (function),5,3,4,60,medium,src/release/release.cpp,152
FMEA-757,write_sbom,Incorrect return value in write_sbom(),Incorrect system behaviour or safety-function failure originating in write_sbom (function),5,3,4,60,medium,src/release/release.cpp,152
FMEA-754,parse_spdx_version,Unhandled error in parse_spdx_version(),Incorrect system behaviour or safety-function failure originating in parse_spdx_version (function),5,3,4,60,medium,src/release/release.cpp,145
FMEA-753,parse_spdx_version,Incorrect return value in parse_spdx_version(),Incorrect system behaviour or safety-function failure originating in parse_spdx_version (function),5,3,4,60,medium,src/release/release.cpp,145
FMEA-752,SHA256Ctx2,Exception propagation in SHA256Ctx2(),Incorrect system behaviour or safety-function failure originating in SHA256Ctx2 (class),5,3,4,60,medium,src/release/release.cpp,58
FMEA-751,SHA256Ctx2,Memory leak in SHA256Ctx2(),Incorrect system behaviour or safety-function failure originating in SHA256Ctx2 (class),5,3,4,60,medium,src/release/release.cpp,58
FMEA-749,SHA256Ctx2,Incorrect initialisation in SHA256Ctx2(),Incorrect system behaviour or safety-function failure originating in SHA256Ctx2 (class),5,3,4,60,medium,src/release/release.cpp,58
FMEA-746,compare,Unhandled error in compare(),Incorrect system behaviour or safety-function failure originating in compare (function),5,3,4,60,medium,src/diff/diff.cpp,51
FMEA-745,compare,Incorrect return value in compare(),Incorrect system behaviour or safety-function failure originating in compare (function),5,3,4,60,medium,src/diff/diff.cpp,51
FMEA-761,hash_artifacts,Incorrect return value in hash_artifacts(),Incorrect system behaviour or safety-function failure originating in hash_artifacts (function),5,3,4,60,medium,src/release/release.cpp,250
FMEA-741,compare,Incorrect return value in compare(),Incorrect system behaviour or safety-function failure originating in compare (function),5,3,4,60,medium,src/diff/diff.hpp,34
FMEA-740,Diff,Exception propagation in Diff(),Incorrect system behaviour or safety-function failure originating in Diff (class),5,3,4,60,medium,src/diff/diff.hpp,19
FMEA-739,Diff,Memory leak in Diff(),Incorrect system behaviour or safety-function failure originating in Diff (class),5,3,4,60,medium,src/diff/diff.hpp,19
FMEA-737,Diff,Incorrect initialisation in Diff(),Incorrect system behaviour or safety-function failure originating in Diff (class),5,3,4,60,medium,src/diff/diff.hpp,19
FMEA-736,DiffFinding,Exception propagation in DiffFinding(),Incorrect system behaviour or safety-function failure originating in DiffFinding (class),5,3,4,60,medium,src/diff/diff.hpp,11
FMEA-735,DiffFinding,Memory leak in DiffFinding(),Incorrect system behaviour or safety-function failure originating in DiffFinding (class),5,3,4,60,medium,src/diff/diff.hpp,11
FMEA-733,DiffFinding,Incorrect initialisation in DiffFinding(),Incorrect system behaviour or safety-function failure originating in DiffFinding (class),5,3,4,60,medium,src/diff/diff.hpp,11
FMEA-730,gen_one,Unhandled error in gen_one(),Incorrect system behaviour or safety-function failure originating in gen_one (function),5,3,4,60,medium,src/template/template_gen.cpp,151
FMEA-776,SBOM,Exception propagation in SBOM(),Incorrect system behaviour or safety-function failure originating in SBOM (class),5,3,4,60,medium,src/release/release.hpp,25
FMEA-788,Manifest,Exception propagation in Manifest(),Incorrect system behaviour or safety-function failure originating in Manifest (class),5,3,4,60,medium,src/release/release.hpp,49
FMEA-787,Manifest,Memory leak in Manifest(),Incorrect system behaviour or safety-function failure originating in Manifest (class),5,3,4,60,medium,src/release/release.hpp,49
FMEA-785,Manifest,Incorrect initialisation in Manifest(),Incorrect system behaviour or safety-function failure originating in Manifest (class),5,3,4,60,medium,src/release/release.hpp,49
FMEA-784,Artifact,Exception propagation in Artifact(),Incorrect system behaviour or safety-function failure originating in Artifact (class),5,3,4,60,medium,src/release/release.hpp,44
FMEA-783,Artifact,Memory leak in Artifact(),Incorrect system behaviour or safety-function failure originating in Artifact (class),5,3,4,60,medium,src/release/release.hpp,44
FMEA-781,Artifact,Incorrect initialisation in Artifact(),Incorrect system behaviour or safety-function failure originating in Artifact (class),5,3,4,60,medium,src/release/release.hpp,44
FMEA-780,Provenance,Exception propagation in Provenance(),Incorrect system behaviour or safety-function failure originating in Provenance (class),5,3,4,60,medium,src/release/release.hpp,34
FMEA-779,Provenance,Memory leak in Provenance(),Incorrect system behaviour or safety-function failure originating in Provenance (class),5,3,4,60,medium,src/release/release.hpp,34
FMEA-777,Provenance,Incorrect initialisation in Provenance(),Incorrect system behaviour or safety-function failure originating in Provenance (class),5,3,4,60,medium,src/release/release.hpp,34
FMEA-729,gen_one,Incorrect return value in gen_one(),Incorrect system behaviour or safety-function failure originating in gen_one (function),5,3,4,60,medium,src/template/template_gen.cpp,151
FMEA-775,SBOM,Memory leak in SBOM(),Incorrect system behaviour or safety-function failure originating in SBOM (class),5,3,4,60,medium,src/release/release.hpp,25
FMEA-773,SBOM,Incorrect initialisation in SBOM(),Incorrect system behaviour or safety-function failure originating in SBOM (class),5,3,4,60,medium,src/release/release.hpp,25
FMEA-772,Component,Exception propagation in Component(),Incorrect system behaviour or safety-function failure originating in Component (class),5,3,4,60,medium,src/release/release.hpp,19
FMEA-771,Component,Memory leak in Component(),Incorrect system behaviour or safety-function failure originating in Component (class),5,3,4,60,medium,src/release/release.hpp,19
FMEA-769,Component,Incorrect initialisation in Component(),Incorrect system behaviour or safety-function failure originating in Component (class),5,3,4,60,medium,src/release/release.hpp,19
FMEA-766,parse_spdx_version,Unhandled error in parse_spdx_version(),Incorrect system behaviour or safety-function failure originating in parse_spdx_version (function),5,3,4,60,medium,src/release/release.hpp,17
FMEA-765,parse_spdx_version,Incorrect return value in parse_spdx_version(),Incorrect system behaviour or safety-function failure originating in parse_spdx_version (function),5,3,4,60,medium,src/release/release.hpp,17
FMEA-762,hash_artifacts,Unhandled error in hash_artifacts(),Incorrect system behaviour or safety-function failure originating in hash_artifacts (function),5,3,4,60,medium,src/release/release.cpp,250
FMEA-677,SafeStateGuard,Incorrect initialisation in SafeStateGuard(),Incorrect system behaviour or safety-function failure originating in SafeStateGuard (class),5,3,4,60,medium,src/runtime/safe_state.hpp,16
FMEA-692,SafeStateFlag,Exception propagation in SafeStateFlag(),Incorrect system behaviour or safety-function failure originating in SafeStateFlag (class),5,3,4,60,medium,src/runtime/safe_state.hpp,45
FMEA-691,SafeStateFlag,Memory leak in SafeStateFlag(),Incorrect system behaviour or safety-function failure originating in SafeStateFlag (class),5,3,4,60,medium,src/runtime/safe_state.hpp,45
FMEA-689,SafeStateFlag,Incorrect initialisation in SafeStateFlag(),Incorrect system behaviour or safety-function failure originating in SafeStateFlag (class),5,3,4,60,medium,src/runtime/safe_state.hpp,45
FMEA-686,commit,Unhandled error in commit(),Incorrect system behaviour or safety-function failure originating in commit (function),5,3,4,60,medium,src/runtime/safe_state.hpp,25
FMEA-685,commit,Incorrect return value in commit(),Incorrect system behaviour or safety-function failure originating in commit (function),5,3,4,60,medium,src/runtime/safe_state.hpp,25
FMEA-682,SafeStateGuard,Unhandled error in SafeStateGuard(),Incorrect system behaviour or safety-function failure originating in SafeStateGuard (function),5,3,4,60,medium,src/runtime/safe_state.hpp,20
FMEA-681,SafeStateGuard,Incorrect return value in SafeStateGuard(),Incorrect system behaviour or safety-function failure originating in SafeStateGuard (function),5,3,4,60,medium,src/runtime/safe_state.hpp,20
FMEA-680,SafeStateGuard,Exception propagation in SafeStateGuard(),Incorrect system behaviour or safety-function failure originating in SafeStateGuard (class),5,3,4,60,medium,src/runtime/safe_state.hpp,16
FMEA-679,SafeStateGuard,Memory leak in SafeStateGuard(),Incorrect system behaviour or safety-function failure originating in SafeStateGuard (class),5,3,4,60,medium,src/runtime/safe_state.hpp,16
FMEA-693,set,Incorrect return value in set(),Incorrect system behaviour or safety-function failure originating in set (function),5,3,4,60,medium,src/runtime/safe_state.hpp,47
FMEA-674,monitor,Unhandled error in monitor(),Incorrect system behaviour or safety-function failure originating in monitor (function),5,3,4,60,medium,src/runtime/watchdog.hpp,61
FMEA-673,monitor,Incorrect return value in monitor(),Incorrect system behaviour or safety-function failure originating in monitor (function),5,3,4,60,medium,src/runtime/watchdog.hpp,61
FMEA-670,kick,Unhandled error in kick(),Incorrect system behaviour or safety-function failure originating in kick (function),5,3,4,60,medium,src/runtime/watchdog.hpp,37
FMEA-669,kick,Incorrect return value in kick(),Incorrect system behaviour or safety-function failure originating in kick (function),5,3,4,60,medium,src/runtime/watchdog.hpp,37
FMEA-668,Watchdog,Exception propagation in Watchdog(),Incorrect system behaviour or safety-function failure originating in Watchdog (class),5,3,4,60,medium,src/runtime/watchdog.hpp,24
FMEA-667,Watchdog,Memory leak in Watchdog(),Incorrect system behaviour or safety-function failure originating in Watchdog (class),5,3,4,60,medium,src/runtime/watchdog.hpp,24
FMEA-665,Watchdog,Incorrect initialisation in Watchdog(),Incorrect system behaviour or safety-function failure originating in Watchdog (class),5,3,4,60,medium,src/runtime/watchdog.hpp,24
FMEA-662,monitor,Unhandled error in monitor(),Incorrect system behaviour or safety-function failure originating in monitor (function),5,3,4,60,medium,src/runtime/heartbeat.hpp,56
FMEA-710,header,Unhandled error in header(),Incorrect system behaviour or safety-function failure originating in header (function),5,3,4,60,medium,src/template/template_gen.cpp,56
FMEA-726,write_file,Unhandled error in write_file(),Incorrect system behaviour or safety-function failure originating in write_file (function),5,3,4,60,medium,src/template/template_gen.cpp,98
FMEA-725,write_file,Incorrect return value in write_file(),Incorrect system behaviour or safety-function failure originating in write_file (function),5,3,4,60,medium,src/template/template_gen.cpp,98
FMEA-722,header,Unhandled error in header(),Incorrect system behaviour or safety-function failure originating in header (function),5,3,4,60,medium,src/template/template_gen.cpp,89
FMEA-721,header,Incorrect return value in header(),Incorrect system behaviour or safety-function failure originating in header (function),5,3,4,60,medium,src/template/template_gen.cpp,89
FMEA-718,header,Unhandled error in header(),Incorrect system behaviour or safety-function failure originating in header (function),5,3,4,60,medium,src/template/template_gen.cpp,81
FMEA-717,header,Incorrect return value in header(),Incorrect system behaviour or safety-function failure originating in header (function),5,3,4,60,medium,src/template/template_gen.cpp,81
FMEA-714,header,Unhandled error in header(),Incorrect system behaviour or safety-function failure originating in header (function),5,3,4,60,medium,src/template/template_gen.cpp,68
FMEA-713,header,Incorrect return value in header(),Incorrect system behaviour or safety-function failure originating in header (function),5,3,4,60,medium,src/template/template_gen.cpp,68
FMEA-1049,render_text,Incorrect return value in render_text(),Incorrect system behaviour or safety-function failure originating in render_text (function),5,3,4,60,medium,src/misra/misra.hpp,34
FMEA-709,header,Incorrect return value in header(),Incorrect system behaviour or safety-function failure originating in header (function),5,3,4,60,medium,src/template/template_gen.cpp,56
FMEA-706,header,Unhandled error in header(),Incorrect system behaviour or safety-function failure originating in header (function),5,3,4,60,medium,src/template/template_gen.cpp,38
FMEA-705,header,Incorrect return value in header(),Incorrect system behaviour or safety-function failure originating in header (function),5,3,4,60,medium,src/template/template_gen.cpp,38
FMEA-702,header,Unhandled error in header(),Incorrect system behaviour or safety-function failure originating in header (function),5,3,4,60,medium,src/template/template_gen.cpp,25
FMEA-701,header,Incorrect return value in header(),Incorrect system behaviour or safety-function failure originating in header (function),5,3,4,60,medium,src/template/template_gen.cpp,25
FMEA-698,clear,Unhandled error in clear(),Incorrect system behaviour or safety-function failure originating in clear (function),5,3,4,60,medium,src/runtime/safe_state.hpp,48
FMEA-697,clear,Incorrect return value in clear(),Incorrect system behaviour or safety-function failure originating in clear (function),5,3,4,60,medium,src/runtime/safe_state.hpp,48
FMEA-694,set,Unhandled error in set(),Incorrect system behaviour or safety-function failure originating in set (function),5,3,4,60,medium,src/runtime/safe_state.hpp,47
